# HeaderRows_6,,
# HeaderRows_Format: Column_Header; Unit; InstallationMethod_ID; Instrument_Summary,,
# DateTime; YYYY-MM-DD hh:mm:ss UTC-06:00; PLM6_200cm; In-Situ Aqua TROLL 200 Data Logger,,
# Waterlevel_1d; meters; PLM6_200cm; In-Situ Aqua TROLL 200 Data Logger,,
# Waterlevel_1d_trend; meters; PLM6_200cm; In-Situ Aqua TROLL 200 Data Logger,,
Date_time,Waterlevel_1d,Waterlevel_1d_trend
2016-11-30 17:00:00,2757.575,2757.567
2016-12-01 17:00:00,2757.573,2757.568
2016-12-02 17:00:00,2757.567,2757.568
2016-12-03 17:00:00,2757.554,2757.567
2016-12-04 17:00:00,2757.548,2757.567
2016-12-05 17:00:00,2757.577,2757.565
2016-12-06 17:00:00,2757.583,2757.564
2016-12-07 17:00:00,2757.571,2757.56
2016-12-08 17:00:00,2757.519,2757.557
2016-12-09 17:00:00,2757.517,2757.552
2016-12-10 17:00:00,2757.533,2757.546
2016-12-11 17:00:00,2757.56,2757.544
2016-12-12 17:00:00,2757.551,2757.542
2016-12-13 17:00:00,2757.542,2757.542
2016-12-14 17:00:00,2757.533,2757.541
2016-12-15 17:00:00,2757.534,2757.534
2016-12-16 17:00:00,2757.585,2757.526
2016-12-17 17:00:00,2757.619,2757.519
2016-12-18 17:00:00,2757.531,2757.512
2016-12-19 17:00:00,2757.491,2757.511
2016-12-20 17:00:00,2757.487,2757.511
2016-12-21 17:00:00,2757.508,2757.514
2016-12-22 17:00:00,2757.523,2757.518
2016-12-23 17:00:00,2757.558,2757.523
2016-12-24 17:00:00,2757.554,2757.528
2016-12-25 17:00:00,2757.599,2757.527
2016-12-26 17:00:00,2757.528,2757.526
2016-12-27 17:00:00,2757.492,2757.525
2016-12-28 17:00:00,2757.516,2757.525
2016-12-29 17:00:00,2757.487,2757.535
2016-12-30 17:00:00,2757.506,2757.544
2016-12-31 17:00:00,2757.56,2757.55
2017-01-01 17:00:00,2757.568,2757.556
2017-01-02 17:00:00,2757.568,2757.557
2017-01-03 17:00:00,2757.54,2757.559
2017-01-04 17:00:00,2757.546,2757.559
2017-01-05 17:00:00,2757.594,2757.559
2017-01-06 17:00:00,2757.566,2757.562
2017-01-07 17:00:00,2757.497,2757.566
2017-01-08 17:00:00,2757.497,2757.568
2017-01-09 17:00:00,2757.531,2757.57
2017-01-10 17:00:00,2757.576,2757.568
2017-01-11 17:00:00,2757.583,2757.565
2017-01-12 17:00:00,2757.562,2757.562
2017-01-13 17:00:00,2757.527,2757.559
2017-01-14 17:00:00,2757.508,2757.555
2017-01-15 17:00:00,2757.547,2757.55
2017-01-16 17:00:00,2757.566,2757.551
2017-01-17 17:00:00,2757.542,2757.552
2017-01-18 17:00:00,2757.541,2757.553
2017-01-19 17:00:00,2757.573,2757.554
2017-01-20 17:00:00,2757.613,2757.558
2017-01-21 17:00:00,2757.626,2757.562
2017-01-22 17:00:00,2757.557,2757.562
2017-01-23 17:00:00,2757.574,2757.563
2017-01-24 17:00:00,2757.612,2757.556
2017-01-25 17:00:00,2757.575,2757.55
2017-01-26 17:00:00,2757.547,2757.542
2017-01-27 17:00:00,2757.527,2757.534
2017-01-28 17:00:00,2757.508,2757.534
2017-01-29 17:00:00,2757.506,2757.534
2017-01-30 17:00:00,2757.525,2757.539
2017-01-31 17:00:00,2757.555,2757.545
2017-02-01 17:00:00,2757.564,2757.551
2017-02-02 17:00:00,2757.558,2757.558
2017-02-03 17:00:00,2757.554,2757.562
2017-02-04 17:00:00,2757.57,2757.567
2017-02-05 17:00:00,2757.562,2757.569
2017-02-06 17:00:00,2757.586,2757.572
2017-02-07 17:00:00,2757.593,2757.57
2017-02-08 17:00:00,2757.578,2757.569
2017-02-09 17:00:00,2757.536,2757.565
2017-02-10 17:00:00,2757.547,2757.562
2017-02-11 17:00:00,2757.566,2757.561
2017-02-12 17:00:00,2757.55,2757.56
2017-02-13 17:00:00,2757.564,2757.564
2017-02-14 17:00:00,2757.572,2757.568
2017-02-15 17:00:00,2757.559,2757.575
2017-02-16 17:00:00,2757.576,2757.582
2017-02-17 17:00:00,2757.605,2757.587
2017-02-18 17:00:00,2757.604,2757.592
2017-02-19 17:00:00,2757.616,2757.594
2017-02-20 17:00:00,2757.574,2757.597
2017-02-21 17:00:00,2757.543,2757.598
2017-02-22 17:00:00,2757.584,2757.598
2017-02-23 17:00:00,2757.642,2757.601
2017-02-24 17:00:00,2757.619,2757.604
2017-02-25 17:00:00,2757.593,2757.607
2017-02-26 17:00:00,2757.608,2757.61
2017-02-27 17:00:00,2757.611,2757.61
2017-02-28 17:00:00,2757.623,2757.61
2017-03-01 17:00:00,2757.494,2757.601
2017-03-02 17:00:00,2757.396,2757.592
2017-03-03 17:00:00,2757.529,2757.582
2017-03-04 17:00:00,2757.56,2757.571
2017-03-05 17:00:00,2757.587,2757.565
2017-03-06 17:00:00,2757.631,2757.558
2017-03-07 17:00:00,2757.565,2757.553
2017-03-08 17:00:00,2757.538,2757.549
2017-03-09 17:00:00,2757.539,2757.548
2017-03-10 17:00:00,2757.529,2757.547
2017-03-11 17:00:00,2757.552,2757.548
2017-03-12 17:00:00,2757.558,2757.549
2017-03-13 17:00:00,2757.556,2757.552
2017-03-14 17:00:00,2757.549,2757.555
2017-03-15 17:00:00,2757.542,2757.559
2017-03-16 17:00:00,2757.566,2757.563
2017-03-17 17:00:00,2757.57,2757.576
2017-03-18 17:00:00,2757.57,2757.588
2017-03-19 17:00:00,2757.595,2757.609
2017-03-20 17:00:00,2757.619,2757.629
2017-03-21 17:00:00,2757.656,2757.659
2017-03-22 17:00:00,2757.7,2757.69
2017-03-23 17:00:00,2757.767,2757.729
2017-03-24 17:00:00,2757.782,2757.768
2017-03-25 17:00:00,2757.778,2757.803
2017-03-26 17:00:00,2757.837,2757.838
2017-03-27 17:00:00,2757.851,2757.86
2017-03-28 17:00:00,2757.901,2757.882
2017-03-29 17:00:00,2757.917,2757.916
2017-03-30 17:00:00,2757.975,2757.95
2017-03-31 17:00:00,2758.063,2757.998
2017-04-01 17:00:00,2758.073,2758.046
2017-04-02 17:00:00,2758.1,2758.093
2017-04-03 17:00:00,2758.164,2758.141
2017-04-04 17:00:00,2758.221,2758.164
2017-04-05 17:00:00,2758.193,2758.187
2017-04-06 17:00:00,2758.201,2758.241
2017-04-07 17:00:00,2758.232,2758.295
2017-04-08 17:00:00,2758.296,2758.337
2017-04-09 17:00:00,2758.381,2758.379
2017-04-10 17:00:00,2758.392,2758.412
2017-04-11 17:00:00,2758.411,2758.444
2017-04-12 17:00:00,2758.454,2758.485
2017-04-13 17:00:00,2758.517,2758.527
2017-04-14 17:00:00,2758.605,2758.571
2017-04-15 17:00:00,2758.692,2758.616
2017-04-16 17:00:00,2758.755,2758.742
2017-04-17 17:00:00,2758.824,2758.868
2017-04-18 17:00:00,2758.911,2758.974
2017-04-19 17:00:00,2759.048,2759.08
2017-04-20 17:00:00,2759.151,2759.127
2017-04-21 17:00:00,2759.213,2759.174
2017-04-22 17:00:00,2759.214,2759.195
2017-04-23 17:00:00,2759.23,2759.216
2017-04-24 17:00:00,2759.287,2759.241
2017-04-25 17:00:00,2759.33,2759.266
2017-04-26 17:00:00,2759.314,2759.274
2017-04-27 17:00:00,2759.318,2759.282
2017-04-28 17:00:00,2759.303,2759.277
2017-04-29 17:00:00,2759.273,2759.271
2017-04-30 17:00:00,2759.252,2759.266
2017-05-01 17:00:00,2759.24,2759.261
2017-05-02 17:00:00,2759.241,2759.264
2017-05-03 17:00:00,2759.251,2759.266
2017-05-04 17:00:00,2759.28,2759.34
2017-05-05 17:00:00,2759.344,2759.414
2017-05-06 17:00:00,2759.382,2759.428
2017-05-07 17:00:00,2759.423,2759.442
2017-05-08 17:00:00,2759.445,2759.447
2017-05-09 17:00:00,2759.45,2759.452
2017-05-10 17:00:00,2759.47,2759.459
2017-05-11 17:00:00,2759.462,2759.466
2017-05-12 17:00:00,2759.469,2759.469
2017-05-13 17:00:00,2759.492,2759.472
2017-05-14 17:00:00,2759.487,2759.467
2017-05-15 17:00:00,2759.472,2759.462
2017-05-16 17:00:00,2759.46,2759.446
2017-05-17 17:00:00,2759.443,2759.43
2017-05-18 17:00:00,2759.416,2759.408
2017-05-19 17:00:00,2759.379,2759.387
2017-05-20 17:00:00,2759.358,2759.368
2017-05-21 17:00:00,2759.339,2759.349
2017-05-22 17:00:00,2759.329,2759.335
2017-05-23 17:00:00,2759.316,2759.321
2017-05-24 17:00:00,2759.311,2759.304
2017-05-25 17:00:00,2759.314,2759.286
2017-05-26 17:00:00,2759.276,2759.262
2017-05-27 17:00:00,2759.245,2759.238
2017-05-28 17:00:00,2759.206,2759.214
2017-05-29 17:00:00,2759.189,2759.19
2017-05-30 17:00:00,2759.167,2759.167
2017-05-31 17:00:00,2759.148,2759.144
2017-06-01 17:00:00,2759.124,2759.118
2017-06-02 17:00:00,2759.101,2759.093
2017-06-03 17:00:00,2759.062,2759.065
2017-06-04 17:00:00,2759.036,2759.037
2017-06-05 17:00:00,2759.01,2759.01
2017-06-06 17:00:00,2758.974,2758.983
2017-06-07 17:00:00,2758.947,2758.96
2017-06-08 17:00:00,2758.934,2758.937
2017-06-09 17:00:00,2758.918,2758.914
2017-06-10 17:00:00,2758.903,2758.891
2017-06-11 17:00:00,2758.874,2758.864
2017-06-12 17:00:00,2758.841,2758.837
2017-06-13 17:00:00,2758.814,2758.807
2017-06-14 17:00:00,2758.768,2758.777
2017-06-15 17:00:00,2758.736,2758.748
2017-06-16 17:00:00,2758.714,2758.718
2017-06-17 17:00:00,2758.698,2758.692
2017-06-18 17:00:00,2758.669,2758.665
2017-06-19 17:00:00,2758.634,2758.642
2017-06-20 17:00:00,2758.608,2758.62
2017-06-21 17:00:00,2758.591,2758.593
2017-06-22 17:00:00,2758.557,2758.566
2017-06-23 17:00:00,2758.476,2758.539
2017-06-24 17:00:00,2758.516,2758.512
2017-06-25 17:00:00,2758.49,2758.492
2017-06-26 17:00:00,2758.47,2758.472
2017-06-27 17:00:00,2758.461,2758.453
2017-06-28 17:00:00,2758.448,2758.434
2017-06-29 17:00:00,2758.42,2758.409
2017-06-30 17:00:00,2758.384,2758.384
2017-07-01 17:00:00,2758.356,2758.358
2017-07-02 17:00:00,2758.325,2758.332
2017-07-03 17:00:00,2758.302,2758.308
2017-07-04 17:00:00,2758.288,2758.284
2017-07-05 17:00:00,2758.26,2758.263
2017-07-06 17:00:00,2758.232,2758.242
2017-07-07 17:00:00,2758.217,2758.226
2017-07-08 17:00:00,2758.206,2758.21
2017-07-09 17:00:00,2758.197,2758.197
2017-07-10 17:00:00,2758.19,2758.183
2017-07-11 17:00:00,2758.174,2758.17
2017-07-12 17:00:00,2758.156,2758.156
2017-07-13 17:00:00,2758.137,2758.144
2017-07-14 17:00:00,2758.123,2758.132
2017-07-15 17:00:00,2758.115,2758.121
2017-07-16 17:00:00,2758.115,2758.111
2017-07-17 17:00:00,2758.111,2758.102
2017-07-18 17:00:00,2758.094,2758.092
2017-07-19 17:00:00,2758.075,2758.082
2017-07-20 17:00:00,2758.07,2758.072
2017-07-21 17:00:00,2758.067,2758.063
2017-07-22 17:00:00,2758.054,2758.053
2017-07-23 17:00:00,2758.04,2758.043
2017-07-24 17:00:00,2758.034,2758.034
2017-07-25 17:00:00,2758.025,2758.026
2017-07-26 17:00:00,2758.015,2758.017
2017-07-27 17:00:00,2758.009,2758.009
2017-07-28 17:00:00,2758.003,2758.001
2017-07-29 17:00:00,2757.995,2757.992
2017-07-30 17:00:00,2757.983,2757.983
2017-07-31 17:00:00,2757.973,2757.975
2017-08-01 17:00:00,2757.962,2757.966
2017-08-02 17:00:00,2757.955,2757.96
2017-08-03 17:00:00,2757.95,2757.954
2017-08-04 17:00:00,2757.949,2757.948
2017-08-05 17:00:00,2757.95,2757.943
2017-08-06 17:00:00,2757.943,2757.935
2017-08-07 17:00:00,2757.929,2757.928
2017-08-08 17:00:00,2757.917,2757.917
2017-08-09 17:00:00,2757.91,2757.907
2017-08-10 17:00:00,2757.895,2757.897
2017-08-11 17:00:00,2757.877,2757.888
2017-08-12 17:00:00,2757.876,2757.881
2017-08-13 17:00:00,2757.873,2757.874
2017-08-14 17:00:00,2757.873,2757.867
2017-08-15 17:00:00,2757.874,2757.86
2017-08-16 17:00:00,2757.852,2757.852
2017-08-17 17:00:00,2757.832,2757.844
2017-08-18 17:00:00,2757.833,2757.835
2017-08-19 17:00:00,2757.83,2757.827
2017-08-20 17:00:00,2757.826,2757.819
2017-08-21 17:00:00,2757.813,2757.811
2017-08-22 17:00:00,2757.792,2757.803
2017-08-23 17:00:00,2757.789,2757.794
2017-08-24 17:00:00,2757.795,2757.783
2017-08-25 17:00:00,2757.786,2757.772
2017-08-26 17:00:00,2757.761,2757.761
2017-08-27 17:00:00,2757.737,2757.75
2017-08-28 17:00:00,2757.732,2757.739
2017-08-29 17:00:00,2757.729,2757.729
2017-08-30 17:00:00,2757.723,2757.72
2017-08-31 17:00:00,2757.717,2757.712
2017-09-01 17:00:00,2757.707,2757.704
2017-09-02 17:00:00,2757.687,2757.696
2017-09-03 17:00:00,2757.675,2757.689
2017-09-04 17:00:00,2757.661,2757.682
2017-09-05 17:00:00,2757.59,2757.46
2017-09-06 17:00:00,2757.612,2757.238
2017-09-07 17:00:00,2757.518,2756.979
2017-09-08 17:00:00,2756.812,2756.72
2017-09-09 17:00:00,2756.699,2756.702
2017-09-10 17:00:00,2756.686,2756.683
2017-09-11 17:00:00,2756.673,2756.681
2017-09-12 17:00:00,2756.673,2756.68
2017-09-13 17:00:00,2756.68,2756.676
2017-09-14 17:00:00,2756.679,2756.673
2017-09-15 17:00:00,2756.682,2756.668
2017-09-16 17:00:00,2756.662,2756.664
2017-09-17 17:00:00,2756.643,2756.66
2017-09-18 17:00:00,2756.638,2756.657
2017-09-19 17:00:00,2756.652,2756.657
2017-09-20 17:00:00,2756.676,2756.658
2017-09-21 17:00:00,2756.801,2756.688
2017-09-22 17:00:00,2756.802,2756.719
2017-09-23 17:00:00,2756.794,2756.741
2017-09-24 17:00:00,2756.79,2756.763
2017-09-25 17:00:00,2756.769,2756.759
2017-09-26 17:00:00,2756.759,2756.756
2017-09-27 17:00:00,2756.747,2756.753
2017-09-28 17:00:00,2756.74,2756.749
2017-09-29 17:00:00,2756.739,2756.748
2017-09-30 17:00:00,2756.742,2756.746
2017-10-01 17:00:00,2756.765,2756.743
2017-10-02 17:00:00,2756.773,2756.739
2017-10-03 17:00:00,2756.734,2756.736
2017-10-04 17:00:00,2756.712,2756.732
2017-10-05 17:00:00,2756.716,2756.73
2017-10-06 17:00:00,2756.735,2756.729
2017-10-07 17:00:00,2756.726,2756.728
2017-10-08 17:00:00,2756.744,2756.727
2017-10-09 17:00:00,2756.749,2756.723
2017-10-10 17:00:00,2756.702,2756.72
2017-10-11 17:00:00,2756.709,2756.705
2017-10-12 17:00:00,2756.649,2756.69
2017-10-13 17:00:00,2756.518,2756.681
2017-10-14 17:00:00,2756.663,2756.672
2017-10-15 17:00:00,2756.654,2756.673
2017-10-16 17:00:00,2756.666,2756.675
2017-10-17 17:00:00,2756.683,2756.679
2017-10-18 17:00:00,2756.696,2756.683
2017-10-19 17:00:00,2756.704,2756.683
2017-10-20 17:00:00,2756.731,2756.683
2017-10-21 17:00:00,2756.728,2756.678
2017-10-22 17:00:00,2756.672,2756.674
2017-10-23 17:00:00,2756.662,2756.674
2017-10-24 17:00:00,2756.598,2756.673
2017-10-25 17:00:00,2756.606,2756.676
2017-10-26 17:00:00,2756.682,2756.678
2017-10-27 17:00:00,2756.681,2756.68
2017-10-28 17:00:00,2756.678,2756.683
2017-10-29 17:00:00,2756.676,2756.684
2017-10-30 17:00:00,2756.69,2756.686
2017-10-31 17:00:00,2756.693,2756.686
2017-11-01 17:00:00,2756.702,2756.685
2017-11-02 17:00:00,2756.683,2756.683
2017-11-03 17:00:00,2756.667,2756.681
2017-11-04 17:00:00,2756.676,2756.675
2017-11-05 17:00:00,2756.681,2756.67
2017-11-06 17:00:00,2756.67,2756.666
2017-11-07 17:00:00,2756.66,2756.661
2017-11-08 17:00:00,2756.647,2756.656
2017-11-09 17:00:00,2756.642,2756.651
2017-11-10 17:00:00,2756.652,2756.646
2017-11-11 17:00:00,2756.657,2756.641
2017-11-12 17:00:00,2756.625,2756.64
2017-11-13 17:00:00,2756.625,2756.638
2017-11-14 17:00:00,2756.637,2756.637
2017-11-15 17:00:00,2756.634,2756.637
2017-11-16 17:00:00,2756.643,2756.637
2017-11-17 17:00:00,2756.664,2756.637
2017-11-18 17:00:00,2756.639,2756.633
2017-11-19 17:00:00,2756.613,2756.629
2017-11-20 17:00:00,2756.633,2756.624
2017-11-21 17:00:00,2756.622,2756.619
2017-11-22 17:00:00,2756.597,2756.616
2017-11-23 17:00:00,2756.601,2756.613
2017-11-24 17:00:00,2756.63,2756.613
2017-11-25 17:00:00,2756.612,2756.614
2017-11-26 17:00:00,2756.595,2756.613
2017-11-27 17:00:00,2756.63,2756.613
2017-11-28 17:00:00,2756.636,2756.612
2017-11-29 17:00:00,2756.599,2756.61
2017-11-30 17:00:00,2756.597,2756.609
2017-12-01 17:00:00,2756.61,2756.608
2017-12-02 17:00:00,2756.605,2756.607
2017-12-03 17:00:00,2756.618,2756.605
2017-12-04 17:00:00,2756.643,2756.602
2017-12-05 17:00:00,2756.596,2756.598
2017-12-06 17:00:00,2756.59,2756.591
2017-12-07 17:00:00,2756.588,2756.585
2017-12-08 17:00:00,2756.587,2756.58
2017-12-09 17:00:00,2756.568,2756.575
2017-12-10 17:00:00,2756.561,2756.574
2017-12-11 17:00:00,2756.564,2756.573
2017-12-12 17:00:00,2756.564,2756.575
2017-12-13 17:00:00,2756.589,2756.578
2017-12-14 17:00:00,2756.604,2756.581
2017-12-15 17:00:00,2756.569,2756.585
2017-12-16 17:00:00,2756.604,2756.583
2017-12-17 17:00:00,2756.598,2756.58
2017-12-18 17:00:00,2756.564,2756.578
2017-12-19 17:00:00,2756.562,2756.575
2017-12-20 17:00:00,2756.573,2756.57
2017-12-21 17:00:00,2756.609,2756.565
2017-12-22 17:00:00,2756.57,2756.561
2017-12-23 17:00:00,2756.556,2756.556
2017-12-24 17:00:00,2756.547,2756.55
2017-12-25 17:00:00,2756.55,2756.544
2017-12-26 17:00:00,2756.542,2756.538
2017-12-27 17:00:00,2756.522,2756.532
2017-12-28 17:00:00,2756.519,2756.529
2017-12-29 17:00:00,2756.519,2756.526
2017-12-30 17:00:00,2756.528,2756.523
2017-12-31 17:00:00,2756.536,2756.521
2018-01-01 17:00:00,2756.518,2756.518
2018-01-02 17:00:00,2756.514,2756.515
2018-01-03 17:00:00,2756.5,2756.512
2018-01-04 17:00:00,2756.51,2756.508
2018-01-05 17:00:00,2756.501,2756.508
2018-01-06 17:00:00,2756.504,2756.507
2018-01-07 17:00:00,2756.523,2756.507
2018-01-08 17:00:00,2756.496,2756.508
2018-01-09 17:00:00,2756.508,2756.505
2018-01-10 17:00:00,2756.544,2756.502
2018-01-11 17:00:00,2756.519,2756.496
2018-01-12 17:00:00,2756.489,2756.489
2018-01-13 17:00:00,2756.473,2756.485
2018-01-14 17:00:00,2756.471,2756.48
2018-01-15 17:00:00,2756.483,2756.479
2018-01-16 17:00:00,2756.477,2756.477
2018-01-17 17:00:00,2756.473,2756.479
2018-01-18 17:00:00,2756.472,2756.481
2018-01-19 17:00:00,2756.49,2756.481
2018-01-20 17:00:00,2756.512,2756.481
2018-01-21 17:00:00,2756.531,2756.477
2018-01-22 17:00:00,2756.485,2756.474
2018-01-23 17:00:00,2756.463,2756.47
2018-01-24 17:00:00,2756.45,2756.465
2018-01-25 17:00:00,2756.467,2756.46
2018-01-26 17:00:00,2756.495,2756.456
2018-01-27 17:00:00,2756.454,2756.453
2018-01-28 17:00:00,2756.443,2756.451
2018-01-29 17:00:00,2756.43,2756.451
2018-01-30 17:00:00,2756.447,2756.451
2018-01-31 17:00:00,2756.474,2756.453
2018-02-01 17:00:00,2756.464,2756.455
2018-02-02 17:00:00,2756.443,2756.456
2018-02-03 17:00:00,2756.458,2756.458
2018-02-04 17:00:00,2756.454,2756.456
2018-02-05 17:00:00,2756.462,2756.454
2018-02-06 17:00:00,2756.47,2756.453
2018-02-07 17:00:00,2756.432,2756.452
2018-02-08 17:00:00,2756.422,2756.452
2018-02-09 17:00:00,2756.448,2756.453
2018-02-10 17:00:00,2756.483,2756.452
2018-02-11 17:00:00,2756.464,2756.452
2018-02-12 17:00:00,2756.461,2756.45
2018-02-13 17:00:00,2756.44,2756.448
2018-02-14 17:00:00,2756.428,2756.445
2018-02-15 17:00:00,2756.455,2756.441
2018-02-16 17:00:00,2756.43,2756.442
2018-02-17 17:00:00,2756.434,2756.442
2018-02-18 17:00:00,2756.451,2756.443
2018-02-19 17:00:00,2756.489,2756.443
2018-02-20 17:00:00,2756.461,2756.443
2018-02-21 17:00:00,2756.43,2756.443
2018-02-22 17:00:00,2756.44,2756.441
2018-02-23 17:00:00,2756.438,2756.438
2018-02-24 17:00:00,2756.444,2756.436
2018-02-25 17:00:00,2756.437,2756.434
2018-02-26 17:00:00,2756.42,2756.431
2018-02-27 17:00:00,2756.431,2756.427
2018-02-28 17:00:00,2756.436,2756.423
2018-03-01 17:00:00,2756.412,2756.42
2018-03-02 17:00:00,2756.408,2756.417
2018-03-03 17:00:00,2756.409,2756.413
2018-03-04 17:00:00,2756.426,2756.41
2018-03-05 17:00:00,2756.412,2756.407
2018-03-06 17:00:00,2756.395,2756.406
2018-03-07 17:00:00,2756.379,2756.405
2018-03-08 17:00:00,2756.336,2756.405
2018-03-09 17:00:00,2756.407,2756.405
2018-03-10 17:00:00,2756.424,2756.407
2018-03-11 17:00:00,2756.409,2756.409
2018-03-12 17:00:00,2756.4,2756.412
2018-03-13 17:00:00,2756.402,2756.415
2018-03-14 17:00:00,2756.412,2756.419
2018-03-15 17:00:00,2756.442,2756.424
2018-03-16 17:00:00,2756.441,2756.426
2018-03-17 17:00:00,2756.427,2756.429
2018-03-18 17:00:00,2756.442,2756.426
2018-03-19 17:00:00,2756.424,2756.422
2018-03-20 17:00:00,2756.409,2756.418
2018-03-21 17:00:00,2756.408,2756.415
2018-03-22 17:00:00,2756.396,2756.416
2018-03-23 17:00:00,2756.414,2756.417
2018-03-24 17:00:00,2756.419,2756.421
2018-03-25 17:00:00,2756.439,2756.425
2018-03-26 17:00:00,2756.442,2756.427
2018-03-27 17:00:00,2756.426,2756.428
2018-03-28 17:00:00,2756.429,2756.427
2018-03-29 17:00:00,2756.426,2756.426
2018-03-30 17:00:00,2756.412,2756.426
2018-03-31 17:00:00,2756.419,2756.426
2018-04-01 17:00:00,2756.439,2756.436
2018-04-02 17:00:00,2756.426,2756.445
2018-04-03 17:00:00,2756.412,2756.459
2018-04-04 17:00:00,2756.48,2756.472
2018-04-05 17:00:00,2756.53,2756.489
2018-04-06 17:00:00,2756.598,2756.505
2018-04-07 17:00:00,2756.652,2756.613
2018-04-08 17:00:00,2756.743,2756.72
2018-04-09 17:00:00,2756.803,2756.863
2018-04-10 17:00:00,2756.847,2757.005
2018-04-11 17:00:00,2756.932,2757.037
2018-04-12 17:00:00,2757.046,2757.069
2018-04-13 17:00:00,2757.109,2757.106
2018-04-14 17:00:00,2757.077,2757.143
2018-04-15 17:00:00,2757.096,2757.152
2018-04-16 17:00:00,2757.179,2757.161
2018-04-17 17:00:00,2757.287,2757.17
2018-04-18 17:00:00,2757.29,2757.178
2018-04-19 17:00:00,2757.37,2757.178
2018-04-20 17:00:00,2757.513,2757.178
2018-04-21 17:00:00,2757.558,2757.631
2018-04-22 17:00:00,2757.617,2758.083
2018-04-23 17:00:00,2757.748,2758.104
2018-04-24 17:00:00,2757.88,2758.125
2018-04-25 17:00:00,2757.996,2758.136
2018-04-26 17:00:00,2758.084,2758.147
2018-04-27 17:00:00,2758.123,2758.155
2018-04-28 17:00:00,2758.155,2758.164
2018-04-29 17:00:00,2758.179,2758.17
2018-04-30 17:00:00,2758.198,2758.177
2018-05-01 17:00:00,2758.197,2758.178
2018-05-02 17:00:00,2758.19,2758.179
2018-05-03 17:00:00,2758.182,2758.174
2018-05-04 17:00:00,2758.148,2758.168
2018-05-05 17:00:00,2758.151,2758.165
2018-05-06 17:00:00,2758.158,2758.161
2018-05-07 17:00:00,2758.16,2758.162
2018-05-08 17:00:00,2758.167,2758.164
2018-05-09 17:00:00,2758.164,2758.165
2018-05-10 17:00:00,2758.172,2758.166
2018-05-11 17:00:00,2758.185,2758.161
2018-05-12 17:00:00,2758.17,2758.155
2018-05-13 17:00:00,2758.147,2758.145
2018-05-14 17:00:00,2758.133,2758.135
2018-05-15 17:00:00,2758.117,2758.125
2018-05-16 17:00:00,2758.106,2758.116
2018-05-17 17:00:00,2758.113,2758.106
2018-05-18 17:00:00,2758.109,2758.096
2018-05-19 17:00:00,2758.089,2758.086
2018-05-20 17:00:00,2758.065,2758.076
2018-05-21 17:00:00,2758.063,2758.064
2018-05-22 17:00:00,2758.06,2758.051
2018-05-23 17:00:00,2758.045,2758.04
2018-05-24 17:00:00,2758.018,2758.029
2018-05-25 17:00:00,2758.006,2758.017
2018-05-26 17:00:00,2758.009,2758.005
2018-05-27 17:00:00,2758.008,2757.993
2018-05-28 17:00:00,2757.983,2757.981
2018-05-29 17:00:00,2757.968,2757.966
2018-05-30 17:00:00,2757.953,2757.951
2018-05-31 17:00:00,2757.935,2757.932
2018-06-01 17:00:00,2757.922,2757.914
2018-06-02 17:00:00,2757.879,2757.896
2018-06-03 17:00:00,2757.867,2757.877
2018-06-04 17:00:00,2757.861,2757.86
2018-06-05 17:00:00,2757.852,2757.843
2018-06-06 17:00:00,2757.835,2757.827
2018-06-07 17:00:00,2757.814,2757.811
2018-06-08 17:00:00,2757.785,2757.792
2018-06-09 17:00:00,2757.766,2757.773
2018-06-10 17:00:00,2757.766,2757.751
2018-06-11 17:00:00,2757.737,2757.73
2018-06-12 17:00:00,2757.7,2757.71
2018-06-13 17:00:00,2757.681,2757.69
2018-06-14 17:00:00,2757.668,2757.673
2018-06-15 17:00:00,2757.654,2757.655
2018-06-16 17:00:00,2757.649,2757.639
2018-06-17 17:00:00,2757.63,2757.623
2018-06-18 17:00:00,2757.601,2757.606
2018-06-19 17:00:00,2757.589,2757.589
2018-06-20 17:00:00,2757.57,2757.573
2018-06-21 17:00:00,2757.542,2757.557
2018-06-22 17:00:00,2757.544,2757.539
2018-06-23 17:00:00,2757.53,2757.521
2018-06-24 17:00:00,2757.518,2757.503
2018-06-25 17:00:00,2757.479,2757.485
2018-06-26 17:00:00,2757.456,2757.467
2018-06-27 17:00:00,2757.44,2757.449
2018-06-28 17:00:00,2757.434,2757.432
2018-06-29 17:00:00,2757.425,2757.415
2018-06-30 17:00:00,2757.405,2757.398
2018-07-01 17:00:00,2757.376,2757.381
2018-07-02 17:00:00,2757.357,2757.362
2018-07-03 17:00:00,2757.353,2757.343
2018-07-04 17:00:00,2757.321,2757.324
2018-07-05 17:00:00,2757.287,2757.306
2018-07-06 17:00:00,2757.269,2757.292
2018-07-07 17:00:00,2757.275,2757.278
2018-07-08 17:00:00,2757.274,2757.271
2018-07-09 17:00:00,2757.262,2757.265
2018-07-10 17:00:00,2757.258,2757.259
2018-07-11 17:00:00,2757.261,2757.253
2018-07-12 17:00:00,2757.252,2757.245
2018-07-13 17:00:00,2757.234,2757.237
2018-07-14 17:00:00,2757.226,2757.227
2018-07-15 17:00:00,2757.22,2757.218
2018-07-16 17:00:00,2757.207,2757.208
2018-07-17 17:00:00,2757.197,2757.199
2018-07-18 17:00:00,2757.189,2757.19
2018-07-19 17:00:00,2757.184,2757.18
2018-07-20 17:00:00,2757.176,2757.169
2018-07-21 17:00:00,2757.157,2757.158
2018-07-22 17:00:00,2757.146,2757.147
2018-07-23 17:00:00,2757.133,2757.135
2018-07-24 17:00:00,2757.12,2757.125
2018-07-25 17:00:00,2757.112,2757.116
2018-07-26 17:00:00,2757.109,2757.106
2018-07-27 17:00:00,2757.104,2757.097
2018-07-28 17:00:00,2757.086,2757.088
2018-07-29 17:00:00,2757.077,2757.078
2018-07-30 17:00:00,2757.072,2757.068
2018-07-31 17:00:00,2757.055,2757.059
2018-08-01 17:00:00,2757.046,2757.049
2018-08-02 17:00:00,2757.04,2757.04
2018-08-03 17:00:00,2757.034,2757.031
2018-08-04 17:00:00,2757.023,2757.022
2018-08-05 17:00:00,2757.015,2757.011
2018-08-06 17:00:00,2757.001,2757.001
2018-08-07 17:00:00,2756.989,2756.989
2018-08-08 17:00:00,2756.979,2756.977
2018-08-09 17:00:00,2756.964,2756.967
2018-08-10 17:00:00,2756.949,2756.957
2018-08-11 17:00:00,2756.942,2756.949
2018-08-12 17:00:00,2756.943,2756.941
2018-08-13 17:00:00,2756.936,2756.933
2018-08-14 17:00:00,2756.935,2756.925
2018-08-15 17:00:00,2756.922,2756.915
2018-08-16 17:00:00,2756.901,2756.905
2018-08-17 17:00:00,2756.883,2756.895
2018-08-18 17:00:00,2756.882,2756.884
2018-08-19 17:00:00,2756.884,2756.874
2018-08-20 17:00:00,2756.866,2756.864
2018-08-21 17:00:00,2756.855,2756.855
2018-08-22 17:00:00,2756.835,2756.846
2018-08-23 17:00:00,2756.839,2756.838
2018-08-24 17:00:00,2756.831,2756.83
2018-08-25 17:00:00,2756.824,2756.823
2018-08-26 17:00:00,2756.813,2756.816
2018-08-27 17:00:00,2756.818,2756.806
2018-08-28 17:00:00,2756.804,2756.796
2018-08-29 17:00:00,2756.775,2756.786
2018-08-30 17:00:00,2756.765,2756.776
2018-08-31 17:00:00,2756.766,2756.767
2018-09-01 17:00:00,2756.767,2756.757
2018-09-02 17:00:00,2756.753,2756.748
2018-09-03 17:00:00,2756.736,2756.739
2018-09-04 17:00:00,2756.735,2756.728
2018-09-05 17:00:00,2756.708,2756.718
2018-09-06 17:00:00,2756.699,2756.71
2018-09-07 17:00:00,2756.699,2756.702
2018-09-08 17:00:00,2756.7,2756.697
2018-09-09 17:00:00,2756.693,2756.693
2018-09-10 17:00:00,2756.687,2756.688
2018-09-11 17:00:00,2756.686,2756.683
2018-09-12 17:00:00,2756.683,2756.676
2018-09-13 17:00:00,2756.672,2756.669
2018-09-14 17:00:00,2756.655,2756.661
2018-09-15 17:00:00,2756.649,2756.653
2018-09-16 17:00:00,2756.645,2756.648
2018-09-17 17:00:00,2756.636,2756.643
2018-09-18 17:00:00,2756.638,2756.638
2018-09-19 17:00:00,2756.641,2756.633
2018-09-20 17:00:00,2756.645,2756.628
2018-09-21 17:00:00,2756.61,2756.623
2018-09-22 17:00:00,2756.602,2756.617
2018-09-23 17:00:00,2756.612,2756.611
2018-09-24 17:00:00,2756.62,2756.607
2018-09-25 17:00:00,2756.607,2756.602
2018-09-26 17:00:00,2756.591,2756.596
2018-09-27 17:00:00,2756.591,2756.591
2018-09-28 17:00:00,2756.585,2756.584
2018-09-29 17:00:00,2756.578,2756.578
2018-09-30 17:00:00,2756.567,2756.574
2018-10-01 17:00:00,2756.563,2756.571
2018-10-02 17:00:00,2756.563,2756.57
2018-10-03 17:00:00,2756.573,2756.57
2018-10-04 17:00:00,2756.57,2756.573
2018-10-05 17:00:00,2756.573,2756.577
2018-10-06 17:00:00,2756.573,2756.58
2018-10-07 17:00:00,2756.601,2756.584
2018-10-08 17:00:00,2756.599,2756.583
2018-10-09 17:00:00,2756.584,2756.582
2018-10-10 17:00:00,2756.586,2756.577
2018-10-11 17:00:00,2756.566,2756.572
2018-10-12 17:00:00,2756.548,2756.564
2018-10-13 17:00:00,2756.561,2756.556
2018-10-14 17:00:00,2756.572,2756.549
2018-10-15 17:00:00,2756.535,2756.542
2018-10-16 17:00:00,2756.526,2756.536
2018-10-17 17:00:00,2756.522,2756.531
2018-10-18 17:00:00,2756.533,2756.528
2018-10-19 17:00:00,2756.527,2756.526
2018-10-20 17:00:00,2756.514,2756.528
2018-10-21 17:00:00,2756.528,2756.53
2018-10-22 17:00:00,2756.536,2756.532
2018-10-23 17:00:00,2756.533,2756.534
2018-10-24 17:00:00,2756.548,2756.535
2018-10-25 17:00:00,2756.546,2756.536
2018-10-26 17:00:00,2756.51,2756.54
2018-10-27 17:00:00,2756.509,2756.544
2018-10-28 17:00:00,2756.537,2756.552
2018-10-29 17:00:00,2756.557,2756.56
2018-10-30 17:00:00,2756.583,2756.567
2018-10-31 17:00:00,2756.586,2756.574
2018-11-01 17:00:00,2756.582,2756.579
2018-11-02 17:00:00,2756.57,2756.584
2018-11-03 17:00:00,2756.591,2756.586
2018-11-04 17:00:00,2756.582,2756.587
2018-11-05 17:00:00,2756.606,2756.587
2018-11-06 17:00:00,2756.593,2756.587
2018-11-07 17:00:00,2756.583,2756.586
2018-11-08 17:00:00,2756.584,2756.584
2018-11-09 17:00:00,2756.56,2756.581
2018-11-10 17:00:00,2756.583,2756.577
2018-11-11 17:00:00,2756.606,2756.573
2018-11-12 17:00:00,2756.576,2756.568
2018-11-13 17:00:00,2756.541,2756.566
2018-11-14 17:00:00,2756.54,2756.565
2018-11-15 17:00:00,2756.559,2756.565
2018-11-16 17:00:00,2756.574,2756.566
2018-11-17 17:00:00,2756.583,2756.567
2018-11-18 17:00:00,2756.576,2756.567
2018-11-19 17:00:00,2756.563,2756.566
2018-11-20 17:00:00,2756.554,2756.564
2018-11-21 17:00:00,2756.551,2756.565
2018-11-22 17:00:00,2756.561,2756.566
2018-11-23 17:00:00,2756.581,2756.567
2018-11-24 17:00:00,2756.598,2756.569
2018-11-25 17:00:00,2756.572,2756.572
2018-11-26 17:00:00,2756.544,2756.575
2018-11-27 17:00:00,2756.551,2756.58
2018-11-28 17:00:00,2756.579,2756.586
2018-11-29 17:00:00,2756.598,2756.591
2018-11-30 17:00:00,2756.62,2756.596
2018-12-01 17:00:00,2756.616,2756.594
2018-12-02 17:00:00,2756.606,2756.592
2018-12-03 17:00:00,2756.583,2756.586
2018-12-04 17:00:00,2756.562,2756.58
2018-12-05 17:00:00,2756.563,2756.575
2018-12-06 17:00:00,2756.581,2756.57
2018-12-07 17:00:00,2756.571,2756.569
2018-12-08 17:00:00,2756.566,2756.568
2018-12-09 17:00:00,2756.559,2756.57
2018-12-10 17:00:00,2756.554,2756.572
2018-12-11 17:00:00,2756.579,2756.575
2018-12-12 17:00:00,2756.604,2756.578
2018-12-13 17:00:00,2756.595,2756.58
2018-12-14 17:00:00,2756.566,2756.583
2018-12-15 17:00:00,2756.583,2756.585
2018-12-16 17:00:00,2756.572,2756.587
2018-12-17 17:00:00,2756.587,2756.591
2018-12-18 17:00:00,2756.609,2756.595
2018-12-19 17:00:00,2756.617,2756.6
2018-12-20 17:00:00,2756.588,2756.606
2018-12-21 17:00:00,2756.609,2756.609
2018-12-22 17:00:00,2756.624,2756.612
2018-12-23 17:00:00,2756.592,2756.619
2018-12-24 17:00:00,2756.615,2756.625
2018-12-25 17:00:00,2756.632,2756.631
2018-12-26 17:00:00,2756.657,2756.637
2018-12-27 17:00:00,2756.667,2756.639
2018-12-28 17:00:00,2756.655,2756.642
2018-12-29 17:00:00,2756.619,2756.639
2018-12-30 17:00:00,2756.625,2756.636
2018-12-31 17:00:00,2756.672,2756.629
2019-01-01 17:00:00,2756.651,2756.621
2019-01-02 17:00:00,2756.623,2756.617
2019-01-03 17:00:00,2756.606,2756.613
2019-01-04 17:00:00,2756.594,2756.61
2019-01-05 17:00:00,2756.597,2756.607
2019-01-06 17:00:00,2756.633,2756.603
2019-01-07 17:00:00,2756.628,2756.599
2019-01-08 17:00:00,2756.578,2756.6
2019-01-09 17:00:00,2756.57,2756.6
2019-01-10 17:00:00,2756.591,2756.6
2019-01-11 17:00:00,2756.62,2756.6
2019-01-12 17:00:00,2756.612,2756.602
2019-01-13 17:00:00,2756.606,2756.604
2019-01-14 17:00:00,2756.592,2756.605
2019-01-15 17:00:00,2756.595,2756.606
2019-01-16 17:00:00,2756.619,2756.606
2019-01-17 17:00:00,2756.61,2756.607
2019-01-18 17:00:00,2756.647,2756.608
2019-01-19 17:00:00,2756.603,2756.609
2019-01-20 17:00:00,2756.602,2756.61
2019-01-21 17:00:00,2756.662,2756.611
2019-01-22 17:00:00,2756.66,2756.614
2019-01-23 17:00:00,2756.615,2756.617
2019-01-24 17:00:00,2756.624,2756.618
2019-01-25 17:00:00,2756.621,2756.62
2019-01-26 17:00:00,2756.613,2756.622
2019-01-27 17:00:00,2756.607,2756.625
2019-01-28 17:00:00,2756.643,2756.628
2019-01-29 17:00:00,2756.631,2756.631
2019-01-30 17:00:00,2756.639,2756.635
2019-01-31 17:00:00,2756.64,2756.639
2019-02-01 17:00:00,2756.631,2756.645
2019-02-02 17:00:00,2756.635,2756.651
2019-02-03 17:00:00,2756.67,2756.658
2019-02-04 17:00:00,2756.672,2756.666
2019-02-05 17:00:00,2756.686,2756.669
2019-02-06 17:00:00,2756.702,2756.672
2019-02-07 17:00:00,2756.667,2756.668
2019-02-08 17:00:00,2756.616,2756.665
2019-02-09 17:00:00,2756.635,2756.659
2019-02-10 17:00:00,2756.657,2756.652
2019-02-11 17:00:00,2756.679,2756.652
2019-02-12 17:00:00,2756.618,2756.652
2019-02-13 17:00:00,2756.63,2756.655
2019-02-14 17:00:00,2756.653,2756.659
2019-02-15 17:00:00,2756.665,2756.663
2019-02-16 17:00:00,2756.685,2756.668
2019-02-17 17:00:00,2756.673,2756.672
2019-02-18 17:00:00,2756.667,2756.677
2019-02-19 17:00:00,2756.681,2756.678
2019-02-20 17:00:00,2756.691,2756.678
2019-02-21 17:00:00,2756.688,2756.673
2019-02-22 17:00:00,2756.681,2756.668
2019-02-23 17:00:00,2756.659,2756.657
2019-02-24 17:00:00,2756.614,2756.645
2019-02-25 17:00:00,2756.623,2756.637
2019-02-26 17:00:00,2756.62,2756.63
2019-02-27 17:00:00,2756.615,2756.633
2019-02-28 17:00:00,2756.631,2756.636
2019-03-01 17:00:00,2756.646,2756.642
2019-03-02 17:00:00,2756.652,2756.648
2019-03-03 17:00:00,2756.672,2756.652
2019-03-04 17:00:00,2756.664,2756.655
2019-03-05 17:00:00,2756.631,2756.659
2019-03-06 17:00:00,2756.64,2756.663
2019-03-07 17:00:00,2756.672,2756.664
2019-03-08 17:00:00,2756.685,2756.666
2019-03-09 17:00:00,2756.696,2756.666
2019-03-10 17:00:00,2756.664,2756.667
2019-03-11 17:00:00,2756.646,2756.662
2019-03-12 17:00:00,2756.665,2756.656
2019-03-13 17:00:00,2756.746,2756.648
2019-03-14 17:00:00,2756.668,2756.639
2019-03-15 17:00:00,2756.616,2756.633
2019-03-16 17:00:00,2756.614,2756.627
2019-03-17 17:00:00,2756.619,2756.627
2019-03-18 17:00:00,2756.627,2756.627
2019-03-19 17:00:00,2756.639,2756.632
2019-03-20 17:00:00,2756.625,2756.638
2019-03-21 17:00:00,2756.635,2756.644
2019-03-22 17:00:00,2756.66,2756.651
2019-03-23 17:00:00,2756.665,2756.658
2019-03-24 17:00:00,2756.668,2756.666
2019-03-25 17:00:00,2756.661,2756.674
2019-03-26 17:00:00,2756.673,2756.683
2019-03-27 17:00:00,2756.7,2756.69
2019-03-28 17:00:00,2756.703,2756.698
2019-03-29 17:00:00,2756.724,2756.704
2019-03-30 17:00:00,2756.708,2756.711
2019-03-31 17:00:00,2756.707,2756.714
2019-04-01 17:00:00,2756.713,2756.718
2019-04-02 17:00:00,2756.726,2756.721
2019-04-03 17:00:00,2756.738,2756.724
2019-04-04 17:00:00,2756.715,2756.725
2019-04-05 17:00:00,2756.73,2756.727
2019-04-06 17:00:00,2756.739,2756.728
2019-04-07 17:00:00,2756.717,2756.729
2019-04-08 17:00:00,2756.715,2756.735
2019-04-09 17:00:00,2756.748,2756.741
2019-04-10 17:00:00,2756.833,2756.762
2019-04-11 17:00:00,2756.838,2756.784
2019-04-12 17:00:00,2756.832,2756.803
2019-04-13 17:00:00,2756.822,2756.823
2019-04-14 17:00:00,2756.815,2756.826
2019-04-15 17:00:00,2756.827,2756.83
2019-04-16 17:00:00,2756.836,2756.835
2019-04-17 17:00:00,2756.848,2756.841
2019-04-18 17:00:00,2756.844,2756.907
2019-04-19 17:00:00,2756.879,2756.973
2019-04-20 17:00:00,2756.973,2757.032
2019-04-21 17:00:00,2757.076,2757.09
2019-04-22 17:00:00,2757.132,2757.1
2019-04-23 17:00:00,2757.221,2757.109
2019-04-24 17:00:00,2757.355,2757.116
2019-04-25 17:00:00,2757.468,2757.122
2019-04-26 17:00:00,2757.587,2757.726
2019-04-27 17:00:00,2757.766,2758.33
2019-04-28 17:00:00,2758.03,2758.334
2019-04-29 17:00:00,2758.205,2758.337
2019-04-30 17:00:00,2758.325,2758.339
2019-05-01 17:00:00,2758.349,2758.341
2019-05-02 17:00:00,2758.339,2758.35
2019-05-03 17:00:00,2758.34,2758.358
2019-05-04 17:00:00,2758.352,2758.373
2019-05-05 17:00:00,2758.383,2758.388
2019-05-06 17:00:00,2758.431,2758.414
2019-05-07 17:00:00,2758.475,2758.44
2019-05-08 17:00:00,2758.509,2758.466
2019-05-09 17:00:00,2758.507,2758.491
2019-05-10 17:00:00,2758.49,2758.504
2019-05-11 17:00:00,2758.498,2758.517
2019-05-12 17:00:00,2758.522,2758.528
2019-05-13 17:00:00,2758.541,2758.538
2019-05-14 17:00:00,2758.556,2758.551
2019-05-15 17:00:00,2758.578,2758.564
2019-05-16 17:00:00,2758.602,2758.574
2019-05-17 17:00:00,2758.626,2758.584
2019-05-18 17:00:00,2758.607,2758.584
2019-05-19 17:00:00,2758.58,2758.584
2019-05-20 17:00:00,2758.583,2758.568
2019-05-21 17:00:00,2758.575,2758.552
2019-05-22 17:00:00,2758.567,2758.512
2019-05-23 17:00:00,2758.477,2758.471
2019-05-24 17:00:00,2758.376,2758.428
2019-05-25 17:00:00,2758.368,2758.384
2019-05-26 17:00:00,2758.358,2758.363
2019-05-27 17:00:00,2758.352,2758.342
2019-05-28 17:00:00,2758.341,2758.328
2019-05-29 17:00:00,2758.312,2758.313
2019-05-30 17:00:00,2758.287,2758.298
2019-05-31 17:00:00,2758.274,2758.284
2019-06-01 17:00:00,2758.27,2758.271
2019-06-02 17:00:00,2758.264,2758.258
2019-06-03 17:00:00,2758.252,2758.246
2019-06-04 17:00:00,2758.235,2758.233
2019-06-05 17:00:00,2758.22,2758.22
2019-06-06 17:00:00,2758.201,2758.207
2019-06-07 17:00:00,2758.188,2758.193
2019-06-08 17:00:00,2758.172,2758.179
2019-06-09 17:00:00,2758.126,2758.16
2019-06-10 17:00:00,2758.095,2758.141
2019-06-11 17:00:00,2758.133,2758.124
2019-06-12 17:00:00,2758.111,2758.107
2019-06-13 17:00:00,2758.101,2758.1
2019-06-14 17:00:00,2758.09,2758.094
2019-06-15 17:00:00,2758.07,2758.085
2019-06-16 17:00:00,2758.039,2758.076
2019-06-17 17:00:00,2758.027,2758.07
2019-06-18 17:00:00,2758.076,2758.064
2019-06-19 17:00:00,2758.068,2758.056
2019-06-20 17:00:00,2758.061,2758.047
2019-06-21 17:00:00,2758.052,2758.031
2019-06-22 17:00:00,2758.019,2758.015
2019-06-23 17:00:00,2757.995,2757.994
2019-06-24 17:00:00,2757.975,2757.972
2019-06-25 17:00:00,2757.954,2757.95
2019-06-26 17:00:00,2757.926,2757.928
2019-06-27 17:00:00,2757.901,2757.906
2019-06-28 17:00:00,2757.877,2757.885
2019-06-29 17:00:00,2757.857,2757.869
2019-06-30 17:00:00,2757.846,2757.852
2019-07-01 17:00:00,2757.838,2757.838
2019-07-02 17:00:00,2757.832,2757.824
2019-07-03 17:00:00,2757.821,2757.805
2019-07-04 17:00:00,2757.799,2757.787
2019-07-05 17:00:00,2757.758,2757.767
2019-07-06 17:00:00,2757.731,2757.746
2019-07-07 17:00:00,2757.724,2757.725
2019-07-08 17:00:00,2757.718,2757.703
2019-07-09 17:00:00,2757.692,2757.682
2019-07-10 17:00:00,2757.652,2757.662
2019-07-11 17:00:00,2757.63,2757.641
2019-07-12 17:00:00,2757.623,2757.621
2019-07-13 17:00:00,2757.607,2757.604
2019-07-14 17:00:00,2757.585,2757.587
2019-07-15 17:00:00,2757.567,2757.572
2019-07-16 17:00:00,2757.555,2757.556
2019-07-17 17:00:00,2757.547,2757.539
2019-07-18 17:00:00,2757.525,2757.523
2019-07-19 17:00:00,2757.509,2757.503
2019-07-20 17:00:00,2757.488,2757.484
2019-07-21 17:00:00,2757.457,2757.466
2019-07-22 17:00:00,2757.435,2757.447
2019-07-23 17:00:00,2757.419,2757.431
2019-07-24 17:00:00,2757.4,2757.416
2019-07-25 17:00:00,2757.422,2757.405
2019-07-26 17:00:00,2757.399,2757.394
2019-07-27 17:00:00,2757.383,2757.382
2019-07-28 17:00:00,2757.371,2757.371
2019-07-29 17:00:00,2757.368,2757.355
2019-07-30 17:00:00,2757.343,2757.338
2019-07-31 17:00:00,2757.301,2757.322
2019-08-01 17:00:00,2757.301,2757.306
2019-08-02 17:00:00,2757.293,2757.294
2019-08-03 17:00:00,2757.28,2757.283
2019-08-04 17:00:00,2757.269,2757.278
2019-08-05 17:00:00,2757.267,2757.273
2019-08-06 17:00:00,2757.257,2757.271
2019-08-07 17:00:00,2757.28,2757.268
2019-08-08 17:00:00,2757.274,2757.266
2019-08-09 17:00:00,2757.269,2757.263
2019-08-10 17:00:00,2757.259,2757.256
2019-08-11 17:00:00,2757.251,2757.249
2019-08-12 17:00:00,2757.244,2757.241
2019-08-13 17:00:00,2757.228,2757.233
2019-08-14 17:00:00,2757.217,2757.227
2019-08-15 17:00:00,2757.215,2757.22
2019-08-16 17:00:00,2757.22,2757.212
2019-08-17 17:00:00,2757.222,2757.204
2019-08-18 17:00:00,2757.202,2757.195
2019-08-19 17:00:00,2757.176,2757.186
2019-08-20 17:00:00,2757.166,2757.177
2019-08-21 17:00:00,2757.163,2757.169
2019-08-22 17:00:00,2757.169,2757.161
2019-08-23 17:00:00,2757.16,2757.154
2019-08-24 17:00:00,2757.152,2757.145
2019-08-25 17:00:00,2757.135,2757.135
2019-08-26 17:00:00,2757.132,2757.122
2019-08-27 17:00:00,2757.104,2757.11
2019-08-28 17:00:00,2757.09,2757.098
2019-08-29 17:00:00,2757.084,2757.087
2019-08-30 17:00:00,2757.078,2757.077
2019-08-31 17:00:00,2757.069,2757.067
2019-09-01 17:00:00,2757.06,2757.057
2019-09-02 17:00:00,2757.051,2757.046
2019-09-03 17:00:00,2757.031,2757.037
2019-09-04 17:00:00,2757.019,2757.027
2019-09-05 17:00:00,2757.007,2757.022
2019-09-06 17:00:00,2757.011,2757.017
2019-09-07 17:00:00,2757.011,2757.013
2019-09-08 17:00:00,2757.032,2757.009
2019-09-09 17:00:00,2757.026,2756.998
2019-09-10 17:00:00,2756.999,2756.988
2019-09-11 17:00:00,2756.975,2756.974
2019-09-12 17:00:00,2756.951,2756.961
2019-09-13 17:00:00,2756.939,2756.952
2019-09-14 17:00:00,2756.935,2756.942
2019-09-15 17:00:00,2756.934,2756.938
2019-09-16 17:00:00,2756.939,2756.933
2019-09-17 17:00:00,2756.935,2756.931
2019-09-18 17:00:00,2756.915,2756.93
2019-09-19 17:00:00,2756.927,2756.925
2019-09-20 17:00:00,2756.941,2756.921
2019-09-21 17:00:00,2756.924,2756.914
2019-09-22 17:00:00,2756.907,2756.908
2019-09-23 17:00:00,2756.89,2756.901
2019-09-24 17:00:00,2756.894,2756.894
2019-09-25 17:00:00,2756.876,2756.893
2019-09-26 17:00:00,2756.877,2756.891
2019-09-27 17:00:00,2756.901,2756.892
2019-09-28 17:00:00,2756.902,2756.893
2019-09-29 17:00:00,2756.9,2756.891
2019-09-30 17:00:00,2756.89,2756.89
2019-10-01 17:00:00,2756.891,2756.883
2019-10-02 17:00:00,2756.88,2756.877
2019-10-03 17:00:00,2756.856,2756.871
2019-10-04 17:00:00,2756.865,2756.865
2019-10-05 17:00:00,2756.856,2756.863
2019-10-06 17:00:00,2756.862,2756.86
2019-10-07 17:00:00,2756.844,2756.861
2019-10-08 17:00:00,2756.864,2756.861
2019-10-09 17:00:00,2756.875,2756.859
2019-10-10 17:00:00,2756.89,2756.857
2019-10-11 17:00:00,2756.845,2756.853
2019-10-12 17:00:00,2756.843,2756.849
2019-10-13 17:00:00,2756.848,2756.845
2019-10-14 17:00:00,2756.847,2756.84
2019-10-15 17:00:00,2756.828,2756.839
2019-10-16 17:00:00,2756.808,2756.839
2019-10-17 17:00:00,2756.835,2756.841
2019-10-18 17:00:00,2756.883,2756.844
2019-10-19 17:00:00,2756.856,2756.844
2019-10-20 17:00:00,2756.877,2756.844
2019-10-21 17:00:00,2756.847,2756.84
2019-10-22 17:00:00,2756.815,2756.836
2019-10-23 17:00:00,2756.831,2756.835
2019-10-24 17:00:00,2756.827,2756.833
2019-10-25 17:00:00,2756.805,2756.837
2019-10-26 17:00:00,2756.841,2756.842
2019-10-27 17:00:00,2756.864,2756.845
2019-10-28 17:00:00,2756.856,2756.849
2019-10-29 17:00:00,2756.853,2756.845
2019-10-30 17:00:00,2756.848,2756.841
2019-10-31 17:00:00,2756.789,2756.834
2019-11-01 17:00:00,2756.81,2756.826
2019-11-02 17:00:00,2756.797,2756.822
2019-11-03 17:00:00,2756.824,2756.817
2019-11-04 17:00:00,2756.836,2756.818
2019-11-05 17:00:00,2756.81,2756.819
2019-11-06 17:00:00,2756.753,2756.824
2019-11-07 17:00:00,2756.699,2756.829
2019-11-08 17:00:00,2756.724,2756.834
2019-11-09 17:00:00,2756.686,2756.839
2019-11-10 17:00:00,2756.843,2756.839
2019-11-11 17:00:00,2756.846,2756.839
2019-11-12 17:00:00,2756.826,2756.837
2019-11-13 17:00:00,2756.847,2756.835
2019-11-14 17:00:00,2756.833,2756.833
2019-11-15 17:00:00,2756.821,2756.83
2019-11-16 17:00:00,2756.831,2756.827
2019-11-17 17:00:00,2756.826,2756.824
2019-11-18 17:00:00,2756.826,2756.823
2019-11-19 17:00:00,2756.789,2756.822
2019-11-20 17:00:00,2756.813,2756.82
2019-11-21 17:00:00,2756.832,2756.818
2019-11-22 17:00:00,2756.833,2756.818
2019-11-23 17:00:00,2756.793,2756.819
2019-11-24 17:00:00,2756.796,2756.819
2019-11-25 17:00:00,2756.849,2756.819
2019-11-26 17:00:00,2756.902,2756.821
2019-11-27 17:00:00,2756.824,2756.823
2019-11-28 17:00:00,2756.822,2756.817
2019-11-29 17:00:00,2756.833,2756.811
2019-11-30 17:00:00,2756.851,2756.799
2019-12-01 17:00:00,2756.772,2756.788
2019-12-02 17:00:00,2756.742,2756.78
2019-12-03 17:00:00,2756.754,2756.773
2019-12-04 17:00:00,2756.78,2756.774
2019-12-05 17:00:00,2756.809,2756.776
2019-12-06 17:00:00,2756.77,2756.78
2019-12-07 17:00:00,2756.773,2756.784
2019-12-08 17:00:00,2756.816,2756.784
2019-12-09 17:00:00,2756.823,2756.785
2019-12-10 17:00:00,2756.785,2756.786
2019-12-11 17:00:00,2756.77,2756.788
2019-12-12 17:00:00,2756.785,2756.787
2019-12-13 17:00:00,2756.806,2756.787
2019-12-14 17:00:00,2756.841,2756.782
2019-12-15 17:00:00,2756.849,2756.777
2019-12-16 17:00:00,2756.815,2756.771
2019-12-17 17:00:00,2756.758,2756.764
2019-12-18 17:00:00,2756.754,2756.763
2019-12-19 17:00:00,2756.793,2756.761
2019-12-20 17:00:00,2756.765,2756.765
2019-12-21 17:00:00,2756.742,2756.768
2019-12-22 17:00:00,2756.755,2756.774
2019-12-23 17:00:00,2756.782,2756.78
2019-12-24 17:00:00,2756.81,2756.788
2019-12-25 17:00:00,2756.837,2756.796
2019-12-26 17:00:00,2756.802,2756.799
2019-12-27 17:00:00,2756.807,2756.802
2019-12-28 17:00:00,2756.842,2756.797
2019-12-29 17:00:00,2756.812,2756.792
2019-12-30 17:00:00,2756.775,2756.787
2019-12-31 17:00:00,2756.765,2756.782
2020-01-01 17:00:00,2756.792,2756.774
2020-01-02 17:00:00,2756.825,2756.766
2020-01-03 17:00:00,2756.768,2756.76
2020-01-04 17:00:00,2756.73,2756.754
2020-01-05 17:00:00,2756.74,2756.755
2020-01-06 17:00:00,2756.754,2756.756
2020-01-07 17:00:00,2756.737,2756.764
2020-01-08 17:00:00,2756.786,2756.772
2020-01-09 17:00:00,2756.818,2756.78
2020-01-10 17:00:00,2756.801,2756.788
2020-01-11 17:00:00,2756.782,2756.788
2020-01-12 17:00:00,2756.799,2756.787
2020-01-13 17:00:00,2756.792,2756.782
2020-01-14 17:00:00,2756.774,2756.776
2020-01-15 17:00:00,2756.766,2756.769
2020-01-16 17:00:00,2756.738,2756.761
2020-01-17 17:00:00,2756.783,2756.753
2020-01-18 17:00:00,2756.739,2756.746
2020-01-19 17:00:00,2756.721,2756.745
2020-01-20 17:00:00,2756.692,2756.744
2020-01-21 17:00:00,2756.733,2756.746
2020-01-22 17:00:00,2756.781,2756.749
2020-01-23 17:00:00,2756.758,2756.75
2020-01-24 17:00:00,2756.75,2756.752
2020-01-25 17:00:00,2756.752,2756.752
2020-01-26 17:00:00,2756.74,2756.752
2020-01-27 17:00:00,2756.763,2756.75
2020-01-28 17:00:00,2756.746,2756.749
2020-01-29 17:00:00,2756.754,2756.745
2020-01-30 17:00:00,2756.752,2756.742
2020-01-31 17:00:00,2756.724,2756.738
2020-02-01 17:00:00,2756.698,2756.734
2020-02-02 17:00:00,2756.722,2756.737
2020-02-03 17:00:00,2756.813,2756.741
2020-02-04 17:00:00,2756.798,2756.749
2020-02-05 17:00:00,2756.768,2756.756
2020-02-06 17:00:00,2756.769,2756.755
2020-02-07 17:00:00,2756.762,2756.753
2020-02-08 17:00:00,2756.731,2756.749
2020-02-09 17:00:00,2756.75,2756.744
2020-02-10 17:00:00,2756.735,2756.739
2020-02-11 17:00:00,2756.728,2756.735
2020-02-12 17:00:00,2756.743,2756.731
2020-02-13 17:00:00,2756.733,2756.728
2020-02-14 17:00:00,2756.713,2756.725
2020-02-15 17:00:00,2756.719,2756.723
2020-02-16 17:00:00,2756.716,2756.72
2020-02-17 17:00:00,2756.735,2756.716
2020-02-18 17:00:00,2756.718,2756.712
2020-02-19 17:00:00,2756.71,2756.708
2020-02-20 17:00:00,2756.683,2756.706
2020-02-21 17:00:00,2756.672,2756.703
2020-02-22 17:00:00,2756.696,2756.703
2020-02-23 17:00:00,2756.734,2756.703
2020-02-24 17:00:00,2756.727,2756.702
2020-02-25 17:00:00,2756.708,2756.701
2020-02-26 17:00:00,2756.683,2756.699
2020-02-27 17:00:00,2756.689,2756.697
2020-02-28 17:00:00,2756.678,2756.698
2020-02-29 17:00:00,2756.708,2756.7
2020-03-01 17:00:00,2756.74,2756.701
2020-03-02 17:00:00,2756.742,2756.703
2020-03-03 17:00:00,2756.717,2756.699
2020-03-04 17:00:00,2756.691,2756.695
2020-03-05 17:00:00,2756.668,2756.693
2020-03-06 17:00:00,2756.664,2756.692
2020-03-07 17:00:00,2756.693,2756.691
2020-03-08 17:00:00,2756.716,2756.691
2020-03-09 17:00:00,2756.703,2756.694
2020-03-10 17:00:00,2756.677,2756.697
2020-03-11 17:00:00,2756.68,2756.698
2020-03-12 17:00:00,2756.71,2756.698
2020-03-13 17:00:00,2756.726,2756.698
2020-03-14 17:00:00,2756.708,2756.698
2020-03-15 17:00:00,2756.677,2756.698
2020-03-16 17:00:00,2756.682,2756.697
2020-03-17 17:00:00,2756.699,2756.695
2020-03-18 17:00:00,2756.711,2756.692
2020-03-19 17:00:00,2756.736,2756.692
2020-03-20 17:00:00,2756.683,2756.692
2020-03-21 17:00:00,2756.676,2756.692
2020-03-22 17:00:00,2756.693,2756.693
2020-03-23 17:00:00,2756.695,2756.698
2020-03-24 17:00:00,2756.698,2756.702
2020-03-25 17:00:00,2756.71,2756.706
2020-03-26 17:00:00,2756.725,2756.71
2020-03-27 17:00:00,2756.737,2756.709
2020-03-28 17:00:00,2756.717,2756.707
2020-03-29 17:00:00,2756.683,2756.704
2020-03-30 17:00:00,2756.69,2756.701
2020-03-31 17:00:00,2756.672,2756.702
2020-04-01 17:00:00,2756.706,2756.702
2020-04-02 17:00:00,2756.724,2756.705
2020-04-03 17:00:00,2756.704,2756.708
2020-04-04 17:00:00,2756.709,2756.709
2020-04-05 17:00:00,2756.714,2756.709
2020-04-06 17:00:00,2756.704,2756.716
2020-04-07 17:00:00,2756.688,2756.723
2020-04-08 17:00:00,2756.7,2756.738
2020-04-09 17:00:00,2756.74,2756.752
2020-04-10 17:00:00,2756.787,2756.783
2020-04-11 17:00:00,2756.849,2756.813
2020-04-12 17:00:00,2756.909,2756.848
2020-04-13 17:00:00,2756.915,2756.883
2020-04-14 17:00:00,2756.898,2756.897
2020-04-15 17:00:00,2756.906,2756.911
2020-04-16 17:00:00,2756.93,2756.912
2020-04-17 17:00:00,2756.908,2756.914
2020-04-18 17:00:00,2756.916,2756.915
2020-04-19 17:00:00,2756.92,2756.917
2020-04-20 17:00:00,2756.909,2756.927
2020-04-21 17:00:00,2756.911,2756.938
2020-04-22 17:00:00,2756.935,2756.962
2020-04-23 17:00:00,2756.99,2756.986
2020-04-24 17:00:00,2757.053,2757.047
2020-04-25 17:00:00,2757.109,2757.107
2020-04-26 17:00:00,2757.202,2757.181
2020-04-27 17:00:00,2757.307,2757.254
2020-04-28 17:00:00,2757.434,2757.398
2020-04-29 17:00:00,2757.556,2757.543
2020-04-30 17:00:00,2757.7,2757.684
2020-05-01 17:00:00,2757.84,2757.825
2020-05-02 17:00:00,2757.988,2757.939
2020-05-03 17:00:00,2758.132,2758.052
2020-05-04 17:00:00,2758.255,2758.18
2020-05-05 17:00:00,2758.303,2758.308
2020-05-06 17:00:00,2758.325,2758.319
2020-05-07 17:00:00,2758.35,2758.33
2020-05-08 17:00:00,2758.339,2758.332
2020-05-09 17:00:00,2758.335,2758.335
2020-05-10 17:00:00,2758.321,2758.337
2020-05-11 17:00:00,2758.33,2758.34
2020-05-12 17:00:00,2758.351,2758.34
2020-05-13 17:00:00,2758.361,2758.341
2020-05-14 17:00:00,2758.348,2758.338
2020-05-15 17:00:00,2758.34,2758.335
2020-05-16 17:00:00,2758.328,2758.326
2020-05-17 17:00:00,2758.314,2758.318
2020-05-18 17:00:00,2758.306,2758.309
2020-05-19 17:00:00,2758.301,2758.299
2020-05-20 17:00:00,2758.3,2758.289
2020-05-21 17:00:00,2758.276,2758.278
2020-05-22 17:00:00,2758.262,2758.263
2020-05-23 17:00:00,2758.261,2758.248
2020-05-24 17:00:00,2758.24,2758.23
2020-05-25 17:00:00,2758.211,2758.211
2020-05-26 17:00:00,2758.189,2758.192
2020-05-27 17:00:00,2758.17,2758.172
2020-05-28 17:00:00,2758.149,2758.155
2020-05-29 17:00:00,2758.129,2758.138
2020-05-30 17:00:00,2758.116,2758.128
2020-05-31 17:00:00,2758.111,2758.117
2020-06-01 17:00:00,2758.101,2758.1
2020-06-02 17:00:00,2757.944,2758.083
2020-06-03 17:00:00,2757.906,2758.069
2020-06-04 17:00:00,2758.058,2758.055
2020-06-05 17:00:00,2758.036,2758.046
2020-06-06 17:00:00,2758.037,2758.037
2020-06-07 17:00:00,2758.056,2758.021
2020-06-08 17:00:00,2758.041,2758.005
2020-06-09 17:00:00,2757.998,2757.983
2020-06-10 17:00:00,2757.961,2757.962
2020-06-11 17:00:00,2757.938,2757.949
2020-06-12 17:00:00,2757.923,2757.935
2020-06-13 17:00:00,2757.924,2757.922
2020-06-14 17:00:00,2757.926,2757.909
2020-06-15 17:00:00,2757.898,2757.895
2020-06-16 17:00:00,2757.88,2757.881
2020-06-17 17:00:00,2757.872,2757.862
2020-06-18 17:00:00,2757.846,2757.844
2020-06-19 17:00:00,2757.828,2757.824
2020-06-20 17:00:00,2757.796,2757.805
2020-06-21 17:00:00,2757.783,2757.786
2020-06-22 17:00:00,2757.768,2757.767
2020-06-23 17:00:00,2757.744,2757.75
2020-06-24 17:00:00,2757.737,2757.734
2020-06-25 17:00:00,2757.717,2757.72
2020-06-26 17:00:00,2757.695,2757.707
2020-06-27 17:00:00,2757.684,2757.691
2020-06-28 17:00:00,2757.689,2757.674
2020-06-29 17:00:00,2757.683,2757.652
2020-06-30 17:00:00,2757.641,2757.63
2020-07-01 17:00:00,2757.604,2757.607
2020-07-02 17:00:00,2757.58,2757.584
2020-07-03 17:00:00,2757.554,2757.567
2020-07-04 17:00:00,2757.542,2757.55
2020-07-05 17:00:00,2757.536,2757.538
2020-07-06 17:00:00,2757.523,2757.525
2020-07-07 17:00:00,2757.52,2757.512
2020-07-08 17:00:00,2757.509,2757.499
2020-07-09 17:00:00,2757.489,2757.484
2020-07-10 17:00:00,2757.46,2757.469
2020-07-11 17:00:00,2757.434,2757.455
2020-07-12 17:00:00,2757.439,2757.44
2020-07-13 17:00:00,2757.432,2757.43
2020-07-14 17:00:00,2757.426,2757.42
2020-07-15 17:00:00,2757.41,2757.411
2020-07-16 17:00:00,2757.403,2757.403
2020-07-17 17:00:00,2757.388,2757.394
2020-07-18 17:00:00,2757.386,2757.386
2020-07-19 17:00:00,2757.376,2757.376
2020-07-20 17:00:00,2757.373,2757.367
2020-07-21 17:00:00,2757.365,2757.357
2020-07-22 17:00:00,2757.339,2757.348
2020-07-23 17:00:00,2757.33,2757.338
2020-07-24 17:00:00,2757.331,2757.329
2020-07-25 17:00:00,2757.324,2757.321
2020-07-26 17:00:00,2757.313,2757.313
2020-07-27 17:00:00,2757.303,2757.306
2020-07-28 17:00:00,2757.302,2757.299
2020-07-29 17:00:00,2757.29,2757.293
2020-07-30 17:00:00,2757.285,2757.287
2020-07-31 17:00:00,2757.281,2757.282
2020-08-01 17:00:00,2757.276,2757.277
2020-08-02 17:00:00,2757.276,2757.271
2020-08-03 17:00:00,2757.271,2757.266
2020-08-04 17:00:00,2757.25,2757.259
2020-08-05 17:00:00,2757.256,2757.253
2020-08-06 17:00:00,2757.253,2757.245
2020-08-07 17:00:00,2757.241,2757.236
2020-08-08 17:00:00,2757.223,2757.228
2020-08-09 17:00:00,2757.216,2757.219
2020-08-10 17:00:00,2757.209,2757.21
2020-08-11 17:00:00,2757.206,2757.201
2020-08-12 17:00:00,2757.193,2757.192
2020-08-13 17:00:00,2757.181,2757.183
2020-08-14 17:00:00,2757.177,2757.172
2020-08-15 17:00:00,2757.164,2757.162
2020-08-16 17:00:00,2757.149,2757.153
2020-08-17 17:00:00,2757.134,2757.144
2020-08-18 17:00:00,2757.132,2757.139
2020-08-19 17:00:00,2757.126,2757.133
2020-08-20 17:00:00,2757.137,2757.128
2020-08-21 17:00:00,2757.135,2757.123
2020-08-22 17:00:00,2757.117,2757.118
2020-08-23 17:00:00,2757.106,2757.113
2020-08-24 17:00:00,2757.098,2757.107
2020-08-25 17:00:00,2757.105,2757.102
2020-08-26 17:00:00,2757.103,2757.098
2020-08-27 17:00:00,2757.098,2757.094
2020-08-28 17:00:00,2757.085,2757.091
2020-08-29 17:00:00,2757.08,2757.088
2020-08-30 17:00:00,2757.09,2757.082
2020-08-31 17:00:00,2757.088,2757.075
2020-09-01 17:00:00,2757.078,2757.066
2020-09-02 17:00:00,2757.052,2757.057
2020-09-03 17:00:00,2757.045,2757.048
2020-09-04 17:00:00,2757.032,2757.039
2020-09-05 17:00:00,2757.016,2757.034
2020-09-06 17:00:00,2757.018,2757.03
2020-09-07 17:00:00,2757.039,2757.027
2020-09-08 17:00:00,2757.079,2757.023
2020-09-09 17:00:00,2757.04,2757.018
2020-09-10 17:00:00,2757.011,2757.013
2020-09-11 17:00:00,2757.008,2757.006
2020-09-12 17:00:00,2757.006,2756.998
2020-09-13 17:00:00,2756.988,2756.992
2020-09-14 17:00:00,2756.972,2756.985
2020-09-15 17:00:00,2756.974,2756.981
2020-09-16 17:00:00,2756.979,2756.977
2020-09-17 17:00:00,2756.975,2756.977
2020-09-18 17:00:00,2756.974,2756.976
2020-09-19 17:00:00,2756.983,2756.973
2020-09-20 17:00:00,2756.978,2756.97
2020-09-21 17:00:00,2756.964,2756.966
2020-09-22 17:00:00,2756.961,2756.962
2020-09-23 17:00:00,2756.945,2756.96
2020-09-24 17:00:00,2756.944,2756.959
2020-09-25 17:00:00,2756.966,2756.957
2020-09-26 17:00:00,2756.969,2756.955
2020-09-27 17:00:00,2756.969,2756.951
2020-09-28 17:00:00,2756.943,2756.947
2020-09-29 17:00:00,2756.928,2756.942
2020-09-30 17:00:00,2756.934,2756.938
2020-10-01 17:00:00,2756.931,2756.936
2020-10-02 17:00:00,2756.933,2756.934
2020-10-03 17:00:00,2756.947,2756.932
2020-10-04 17:00:00,2756.934,2756.931
2020-10-05 17:00:00,2756.927,2756.929
2020-10-06 17:00:00,2756.917,2756.928
2020-10-07 17:00:00,2756.924,2756.927
2020-10-08 17:00:00,2756.927,2756.927
2020-10-09 17:00:00,2756.931,2756.926
2020-10-10 17:00:00,2756.929,2756.925
2020-10-11 17:00:00,2756.947,2756.921
2020-10-12 17:00:00,2756.91,2756.917
2020-10-13 17:00:00,2756.892,2756.913
2020-10-14 17:00:00,2756.911,2756.909
2020-10-15 17:00:00,2756.912,2756.907
2020-10-16 17:00:00,2756.897,2756.906
2020-10-17 17:00:00,2756.914,2756.904
2020-10-18 17:00:00,2756.906,2756.902
2020-10-19 17:00:00,2756.897,2756.901
2020-10-20 17:00:00,2756.892,2756.9
2020-10-21 17:00:00,2756.893,2756.9
2020-10-22 17:00:00,2756.911,2756.9
2020-10-23 17:00:00,2756.898,2756.901
2020-10-24 17:00:00,2756.899,2756.901
2020-10-25 17:00:00,2756.931,2756.895
2020-10-26 17:00:00,2756.925,2756.888
2020-10-27 17:00:00,2756.886,2756.879
2020-10-28 17:00:00,2756.868,2756.87
2020-10-29 17:00:00,2756.846,2756.863
2020-10-30 17:00:00,2756.857,2756.855
2020-10-31 17:00:00,2756.864,2756.849
2020-11-01 17:00:00,2756.829,2756.843
2020-11-02 17:00:00,2756.832,2756.841
2020-11-03 17:00:00,2756.84,2756.838
2020-11-04 17:00:00,2756.833,2756.839
2020-11-05 17:00:00,2756.824,2756.841
2020-11-06 17:00:00,2756.863,2756.85
2020-11-07 17:00:00,2756.899,2756.858
2020-11-08 17:00:00,2756.929,2756.863
2020-11-09 17:00:00,2756.906,2756.867
2020-11-10 17:00:00,2756.871,2756.865
2020-11-11 17:00:00,2756.862,2756.862
2020-11-12 17:00:00,2756.863,2756.855
2020-11-13 17:00:00,2756.847,2756.848
2020-11-14 17:00:00,2756.889,2756.839
2020-11-15 17:00:00,2756.83,2756.83
2020-11-16 17:00:00,2756.809,2756.825
2020-11-17 17:00:00,2756.803,2756.82
2020-11-18 17:00:00,2756.833,2756.819
2020-11-19 17:00:00,2756.831,2756.817
2020-11-20 17:00:00,2756.808,2756.818
2020-11-21 17:00:00,2756.811,2756.82
2020-11-22 17:00:00,2756.813,2756.823
2020-11-23 17:00:00,2756.86,2756.826
2020-11-24 17:00:00,2756.88,2756.829
2020-11-25 17:00:00,2756.836,2756.831
2020-11-26 17:00:00,2756.847,2756.827
2020-11-27 17:00:00,2756.824,2756.824
2020-11-28 17:00:00,2756.816,2756.821
2020-11-29 17:00:00,2756.81,2756.817
2020-11-30 17:00:00,2756.796,2756.813
2020-12-01 17:00:00,2756.833,2756.809
2020-12-02 17:00:00,2756.819,2756.807
2020-12-03 17:00:00,2756.788,2756.804
2020-12-04 17:00:00,2756.798,2756.802
2020-12-05 17:00:00,2756.797,2756.8
2020-12-06 17:00:00,2756.807,2756.8
2020-12-07 17:00:00,2756.799,2756.8
2020-12-08 17:00:00,2756.789,2756.801
2020-12-09 17:00:00,2756.804,2756.802
2020-12-10 17:00:00,2756.846,2756.806
2020-12-11 17:00:00,2756.874,2756.81
2020-12-12 17:00:00,2756.862,2756.811
2020-12-13 17:00:00,2756.827,2756.811
2020-12-14 17:00:00,2756.779,2756.81
2020-12-15 17:00:00,2756.754,2756.808
2020-12-16 17:00:00,2756.808,2756.806
2020-12-17 17:00:00,2756.805,2756.803
2020-12-18 17:00:00,2756.832,2756.802
2020-12-19 17:00:00,2756.794,2756.801
2020-12-20 17:00:00,2756.787,2756.799
2020-12-21 17:00:00,2756.79,2756.797
2020-12-22 17:00:00,2756.825,2756.798
2020-12-23 17:00:00,2756.846,2756.799
2020-12-24 17:00:00,2756.786,2756.805
2020-12-25 17:00:00,2756.789,2756.812
2020-12-26 17:00:00,2756.817,2756.815
2020-12-27 17:00:00,2756.837,2756.819
2020-12-28 17:00:00,2756.83,2756.82
2020-12-29 17:00:00,2756.852,2756.821
2020-12-30 17:00:00,2756.805,2756.816
2020-12-31 17:00:00,2756.814,2756.811
2021-01-01 17:00:00,2756.815,2756.805
2021-01-02 17:00:00,2756.794,2756.799
2021-01-03 17:00:00,2756.794,2756.794
2021-01-04 17:00:00,2756.777,2756.789
2021-01-05 17:00:00,2756.797,2756.785
2021-01-06 17:00:00,2756.774,2756.782
2021-01-07 17:00:00,2756.775,2756.779
2021-01-08 17:00:00,2756.772,2756.777
2021-01-09 17:00:00,2756.795,2756.774
2021-01-10 17:00:00,2756.775,2756.77
2021-01-11 17:00:00,2756.761,2756.768
2021-01-12 17:00:00,2756.754,2756.765
2021-01-13 17:00:00,2756.757,2756.765
2021-01-14 17:00:00,2756.775,2756.764
2021-01-15 17:00:00,2756.759,2756.766
2021-01-16 17:00:00,2756.769,2756.768
2021-01-17 17:00:00,2756.766,2756.771
2021-01-18 17:00:00,2756.787,2756.773
2021-01-19 17:00:00,2756.766,2756.78
2021-01-20 17:00:00,2756.744,2756.787
2021-01-21 17:00:00,2756.792,2756.794
2021-01-22 17:00:00,2756.808,2756.802
2021-01-23 17:00:00,2756.834,2756.803
2021-01-24 17:00:00,2756.825,2756.804
2021-01-25 17:00:00,2756.848,2756.793
2021-01-26 17:00:00,2756.839,2756.781
2021-01-27 17:00:00,2756.77,2756.77
2021-01-28 17:00:00,2756.74,2756.758
2021-01-29 17:00:00,2756.77,2756.753
2021-01-30 17:00:00,2756.8,2756.748
2021-01-31 17:00:00,2756.729,2756.75
2021-02-01 17:00:00,2756.724,2756.752
2021-02-02 17:00:00,2756.74,2756.758
2021-02-03 17:00:00,2756.771,2756.765
2021-02-04 17:00:00,2756.792,2756.771
2021-02-05 17:00:00,2756.78,2756.777
2021-02-06 17:00:00,2756.781,2756.775
2021-02-07 17:00:00,2756.782,2756.774
2021-02-08 17:00:00,2756.777,2756.77
2021-02-09 17:00:00,2756.753,2756.765
2021-02-10 17:00:00,2756.753,2756.764
2021-02-11 17:00:00,2756.747,2756.763
2021-02-12 17:00:00,2756.766,2756.764
2021-02-13 17:00:00,2756.781,2756.766
2021-02-14 17:00:00,2756.806,2756.766
2021-02-15 17:00:00,2756.76,2756.766
2021-02-16 17:00:00,2756.778,2756.76
2021-02-17 17:00:00,2756.76,2756.754
2021-02-18 17:00:00,2756.721,2756.746
2021-02-19 17:00:00,2756.696,2756.738
2021-02-20 17:00:00,2756.732,2756.732
2021-02-21 17:00:00,2756.736,2756.725
2021-02-22 17:00:00,2756.697,2756.726
2021-02-23 17:00:00,2756.715,2756.726
2021-02-24 17:00:00,2756.733,2756.726
2021-02-25 17:00:00,2756.728,2756.727
2021-02-26 17:00:00,2756.739,2756.724
2021-02-27 17:00:00,2756.763,2756.72
2021-02-28 17:00:00,2756.725,2756.714
2021-03-01 17:00:00,2756.682,2756.707
2021-03-02 17:00:00,2756.686,2756.701
2021-03-03 17:00:00,2756.703,2756.696
2021-03-04 17:00:00,2756.714,2756.694
2021-03-05 17:00:00,2756.677,2756.692
2021-03-06 17:00:00,2756.683,2756.692
2021-03-07 17:00:00,2756.692,2756.692
2021-03-08 17:00:00,2756.685,2756.696
2021-03-09 17:00:00,2756.701,2756.699
2021-03-10 17:00:00,2756.738,2756.704
2021-03-11 17:00:00,2756.714,2756.709
2021-03-12 17:00:00,2756.701,2756.711
2021-03-13 17:00:00,2756.715,2756.713
2021-03-14 17:00:00,2756.739,2756.71
2021-03-15 17:00:00,2756.709,2756.706
2021-03-16 17:00:00,2756.71,2756.699
2021-03-17 17:00:00,2756.687,2756.692
2021-03-18 17:00:00,2756.653,2756.687
2021-03-19 17:00:00,2756.65,2756.682
2021-03-20 17:00:00,2756.664,2756.684
2021-03-21 17:00:00,2756.685,2756.687
2021-03-22 17:00:00,2756.701,2756.692
2021-03-23 17:00:00,2756.708,2756.696
2021-03-24 17:00:00,2756.699,2756.696
2021-03-25 17:00:00,2756.705,2756.696
2021-03-26 17:00:00,2756.699,2756.69
2021-03-27 17:00:00,2756.656,2756.684
2021-03-28 17:00:00,2756.623,2756.672
2021-03-29 17:00:00,2756.662,2756.659
2021-03-30 17:00:00,2756.69,2756.652
2021-03-31 17:00:00,2756.636,2756.644
2021-04-01 17:00:00,2756.624,2756.645
2021-04-02 17:00:00,2756.644,2756.646
2021-04-03 17:00:00,2756.636,2756.665
2021-04-04 17:00:00,2756.647,2756.684
2021-04-05 17:00:00,2756.691,2756.715
2021-04-06 17:00:00,2756.745,2756.747
2021-04-07 17:00:00,2756.756,2756.777
2021-04-08 17:00:00,2756.792,2756.808
2021-04-09 17:00:00,2756.833,2756.841
2021-04-10 17:00:00,2756.866,2756.874
2021-04-11 17:00:00,2756.921,2756.902
2021-04-12 17:00:00,2756.958,2756.93
2021-04-13 17:00:00,2756.988,2756.962
2021-04-14 17:00:00,2757.027,2756.994
2021-04-15 17:00:00,2757.077,2757.027
2021-04-16 17:00:00,2757.104,2757.06
2021-04-17 17:00:00,2757.113,2757.123
2021-04-18 17:00:00,2757.13,2757.186
2021-04-19 17:00:00,2757.207,2757.242
2021-04-20 17:00:00,2757.295,2757.299
2021-04-21 17:00:00,2757.36,2757.378
2021-04-22 17:00:00,2757.434,2757.457
2021-04-23 17:00:00,2757.469,2757.468
2021-04-24 17:00:00,2757.489,2757.48
2021-04-25 17:00:00,2757.549,2757.501
2021-04-26 17:00:00,2757.699,2757.522
2021-04-27 17:00:00,2757.813,2757.668
2021-04-28 17:00:00,2757.848,2757.815
2021-04-29 17:00:00,2757.897,2757.955
2021-04-30 17:00:00,2757.978,2758.095
2021-05-01 17:00:00,2758.081,2758.11
2021-05-02 17:00:00,2758.186,2758.125
2021-05-03 17:00:00,2758.256,2758.145
2021-05-04 17:00:00,2758.207,2758.165
2021-05-05 17:00:00,2758.157,2758.176
2021-05-06 17:00:00,2758.169,2758.188
2021-05-07 17:00:00,2758.192,2758.191
2021-05-08 17:00:00,2758.22,2758.194
2021-05-09 17:00:00,2758.207,2758.199
2021-05-10 17:00:00,2758.198,2758.203
2021-05-11 17:00:00,2758.185,2758.221
2021-05-12 17:00:00,2758.164,2758.239
2021-05-13 17:00:00,2758.169,2758.258
2021-05-14 17:00:00,2758.282,2758.277
2021-05-15 17:00:00,2758.29,2758.281
2021-05-16 17:00:00,2758.282,2758.284
2021-05-17 17:00:00,2758.272,2758.285
2021-05-18 17:00:00,2758.289,2758.285
2021-05-19 17:00:00,2758.301,2758.28
2021-05-20 17:00:00,2758.292,2758.276
2021-05-21 17:00:00,2758.275,2758.266
2021-05-22 17:00:00,2758.247,2758.256
2021-05-23 17:00:00,2758.252,2758.242
2021-05-24 17:00:00,2758.232,2758.228
2021-05-25 17:00:00,2758.211,2758.215
2021-05-26 17:00:00,2758.199,2758.202
2021-05-27 17:00:00,2758.187,2758.19
2021-05-28 17:00:00,2758.173,2758.178
2021-05-29 17:00:00,2758.172,2758.166
2021-05-30 17:00:00,2758.162,2758.154
2021-05-31 17:00:00,2758.141,2758.142
2021-06-01 17:00:00,2758.12,2758.129
2021-06-02 17:00:00,2758.118,2758.118
2021-06-03 17:00:00,2758.106,2758.106
2021-06-04 17:00:00,2758.092,2758.094
2021-06-05 17:00:00,2758.087,2758.083
2021-06-06 17:00:00,2758.077,2758.066
2021-06-07 17:00:00,2758.06,2758.048
2021-06-08 17:00:00,2758.034,2758.025
2021-06-09 17:00:00,2757.978,2758.001
2021-06-10 17:00:00,2757.973,2757.976
2021-06-11 17:00:00,2757.96,2757.951
2021-06-12 17:00:00,2757.931,2757.929
2021-06-13 17:00:00,2757.909,2757.907
2021-06-14 17:00:00,2757.883,2757.887
2021-06-15 17:00:00,2757.857,2757.866
2021-06-16 17:00:00,2757.837,2757.849
2021-06-17 17:00:00,2757.832,2757.832
2021-06-18 17:00:00,2757.82,2757.818
2021-06-19 17:00:00,2757.804,2757.803
2021-06-20 17:00:00,2757.796,2757.79
2021-06-21 17:00:00,2757.771,2757.776
2021-06-22 17:00:00,2757.753,2757.763
2021-06-23 17:00:00,2757.754,2757.75
2021-06-24 17:00:00,2757.733,2757.739
2021-06-25 17:00:00,2757.731,2757.727
2021-06-26 17:00:00,2757.722,2757.713
2021-06-27 17:00:00,2757.705,2757.7
2021-06-28 17:00:00,2757.683,2757.686
2021-06-29 17:00:00,2757.666,2757.671
2021-06-30 17:00:00,2757.655,2757.658
2021-07-01 17:00:00,2757.643,2757.644
2021-07-02 17:00:00,2757.633,2757.632
2021-07-03 17:00:00,2757.62,2757.62
2021-07-04 17:00:00,2757.611,2757.608
2021-07-05 17:00:00,2757.598,2757.595
2021-07-06 17:00:00,2757.578,2757.582
2021-07-07 17:00:00,2757.565,2757.569
2021-07-08 17:00:00,2757.558,2757.556
2021-07-09 17:00:00,2757.542,2757.543
2021-07-10 17:00:00,2757.529,2757.532
2021-07-11 17:00:00,2757.518,2757.52
2021-07-12 17:00:00,2757.511,2757.511
2021-07-13 17:00:00,2757.499,2757.501
2021-07-14 17:00:00,2757.487,2757.491
2021-07-15 17:00:00,2757.485,2757.481
2021-07-16 17:00:00,2757.48,2757.469
2021-07-17 17:00:00,2757.46,2757.457
2021-07-18 17:00:00,2757.431,2757.447
2021-07-19 17:00:00,2757.421,2757.437
2021-07-20 17:00:00,2757.423,2757.428
2021-07-21 17:00:00,2757.433,2757.42
2021-07-22 17:00:00,2757.42,2757.414
2021-07-23 17:00:00,2757.405,2757.408
2021-07-24 17:00:00,2757.4,2757.401
2021-07-25 17:00:00,2757.394,2757.394
2021-07-26 17:00:00,2757.386,2757.388
2021-07-27 17:00:00,2757.377,2757.382
2021-07-28 17:00:00,2757.376,2757.375
2021-07-29 17:00:00,2757.375,2757.369
2021-07-30 17:00:00,2757.368,2757.363
2021-07-31 17:00:00,2757.355,2757.356
2021-08-01 17:00:00,2757.342,2757.35
2021-08-02 17:00:00,2757.336,2757.344
2021-08-03 17:00:00,2757.343,2757.34
2021-08-04 17:00:00,2757.339,2757.337
2021-08-05 17:00:00,2757.327,2757.334
2021-08-06 17:00:00,2757.334,2757.331
2021-08-07 17:00:00,2757.338,2757.325
2021-08-08 17:00:00,2757.323,2757.319
2021-08-09 17:00:00,2757.312,2757.311
2021-08-10 17:00:00,2757.301,2757.302
2021-08-11 17:00:00,2757.292,2757.293
2021-08-12 17:00:00,2757.286,2757.284
2021-08-13 17:00:00,2757.275,2757.278
2021-08-14 17:00:00,2757.259,2757.272
2021-08-15 17:00:00,2757.263,2757.267
2021-08-16 17:00:00,2757.268,2757.263
2021-08-17 17:00:00,2757.266,2757.258
2021-08-18 17:00:00,2757.259,2757.253
2021-08-19 17:00:00,2757.245,2757.246
2021-08-20 17:00:00,2757.237,2757.238
2021-08-21 17:00:00,2757.228,2757.229
2021-08-22 17:00:00,2757.226,2757.219
2021-08-23 17:00:00,2757.21,2757.209
2021-08-24 17:00:00,2757.197,2757.2
2021-08-25 17:00:00,2757.177,2757.192
2021-08-26 17:00:00,2757.178,2757.185
2021-08-27 17:00:00,2757.185,2757.179
2021-08-28 17:00:00,2757.182,2757.173
2021-08-29 17:00:00,2757.167,2757.168
2021-08-30 17:00:00,2757.157,2757.163
2021-08-31 17:00:00,2757.155,2757.155
2021-09-01 17:00:00,2757.159,2757.148
2021-09-02 17:00:00,2757.148,2757.138
2021-09-03 17:00:00,2757.127,2757.129
2021-09-04 17:00:00,2757.114,2757.117
2021-09-05 17:00:00,2757.104,2757.106
2021-09-06 17:00:00,2757.096,2757.097
2021-09-07 17:00:00,2757.084,2757.087
2021-09-08 17:00:00,2757.076,2757.078
2021-09-09 17:00:00,2757.072,2757.07
2021-09-10 17:00:00,2757.064,2757.063
2021-09-11 17:00:00,2757.054,2757.056
2021-09-12 17:00:00,2757.044,2757.05
2021-09-13 17:00:00,2757.04,2757.045
2021-09-14 17:00:00,2757.043,2757.039
2021-09-15 17:00:00,2757.037,2757.034
2021-09-16 17:00:00,2757.038,2757.028
2021-09-17 17:00:00,2757.016,2757.023
2021-09-18 17:00:00,2757.001,2757.015
2021-09-19 17:00:00,2757.016,2757.007
2021-09-20 17:00:00,2757.022,2756.999
2021-09-21 17:00:00,2756.976,2756.991
2021-09-22 17:00:00,2756.96,2756.985
2021-09-23 17:00:00,2756.983,2756.978
2021-09-24 17:00:00,2756.978,2756.976
2021-09-25 17:00:00,2756.968,2756.974
2021-09-26 17:00:00,2756.974,2756.969
2021-09-27 17:00:00,2756.973,2756.964
2021-09-28 17:00:00,2756.991,2756.947
2021-09-29 17:00:00,2756.987,2756.93
2021-09-30 17:00:00,2756.912,2756.912
2021-10-01 17:00:00,2756.885,2756.894
2021-10-02 17:00:00,2756.89,2756.889
2021-10-03 17:00:00,2756.887,2756.884
2021-10-04 17:00:00,2756.879,2756.88
2021-10-05 17:00:00,2756.864,2756.877
2021-10-06 17:00:00,2756.877,2756.877
2021-10-07 17:00:00,2756.871,2756.877
2021-10-08 17:00:00,2756.871,2756.881
2021-10-09 17:00:00,2756.893,2756.884
2021-10-10 17:00:00,2756.89,2756.886
2021-10-11 17:00:00,2756.895,2756.888
2021-10-12 17:00:00,2756.919,2756.882
2021-10-13 17:00:00,2756.888,2756.876
2021-10-14 17:00:00,2756.871,2756.866
2021-10-15 17:00:00,2756.836,2756.856
2021-10-16 17:00:00,2756.813,2756.846
2021-10-17 17:00:00,2756.831,2756.837
2021-10-18 17:00:00,2756.868,2756.823
2021-10-19 17:00:00,2756.879,2756.809
2021-10-20 17:00:00,2756.825,2756.798
2021-10-21 17:00:00,2756.766,2756.786
2021-10-22 17:00:00,2756.785,2756.784
2021-10-23 17:00:00,2756.765,2756.782
2021-10-24 17:00:00,2756.673,2756.782
2021-10-25 17:00:00,2756.796,2756.781
2021-10-26 17:00:00,2756.835,2756.779
2021-10-27 17:00:00,2756.793,2756.777
2021-10-28 17:00:00,2756.758,2756.776
2021-10-29 17:00:00,2756.756,2756.775
2021-10-30 17:00:00,2756.781,2756.774
2021-10-31 17:00:00,2756.782,2756.773
2021-11-01 17:00:00,2756.779,2756.772
2021-11-02 17:00:00,2756.772,2756.771
2021-11-03 17:00:00,2756.763,2756.769
2021-11-04 17:00:00,2756.761,2756.766
2021-11-05 17:00:00,2756.766,2756.765
2021-11-06 17:00:00,2756.761,2756.763
2021-11-07 17:00:00,2756.769,2756.762
2021-11-08 17:00:00,2756.762,2756.762
2021-11-09 17:00:00,2756.751,2756.758
2021-11-10 17:00:00,2756.777,2756.755
2021-11-11 17:00:00,2756.754,2756.75
2021-11-12 17:00:00,2756.738,2756.746
2021-11-13 17:00:00,2756.735,2756.745
2021-11-14 17:00:00,2756.737,2756.744
2021-11-15 17:00:00,2756.733,2756.744
2021-11-16 17:00:00,2756.766,2756.745
2021-11-17 17:00:00,2756.77,2756.746
2021-11-18 17:00:00,2756.734,2756.747
2021-11-19 17:00:00,2756.746,2756.744
2021-11-20 17:00:00,2756.756,2756.74
2021-11-21 17:00:00,2756.728,2756.737
2021-11-22 17:00:00,2756.715,2756.734
2021-11-23 17:00:00,2756.756,2756.728
2021-11-24 17:00:00,2756.778,2756.723
2021-11-25 17:00:00,2756.711,2756.721
2021-11-26 17:00:00,2756.714,2756.718
2021-11-27 17:00:00,2756.736,2756.716
2021-11-28 17:00:00,2756.709,2756.714
2021-11-29 17:00:00,2756.707,2756.712
2021-11-30 17:00:00,2756.718,2756.71
2021-12-01 17:00:00,2756.703,2756.71
2021-12-02 17:00:00,2756.705,2756.71
2021-12-03 17:00:00,2756.711,2756.712
2021-12-04 17:00:00,2756.708,2756.714
2021-12-05 17:00:00,2756.723,2756.717
2021-12-06 17:00:00,2756.719,2756.719
2021-12-07 17:00:00,2756.731,2756.72
2021-12-08 17:00:00,2756.715,2756.72
2021-12-09 17:00:00,2756.748,2756.713
2021-12-10 17:00:00,2756.77,2756.707
2021-12-11 17:00:00,2756.7,2756.7
2021-12-12 17:00:00,2756.682,2756.694
2021-12-13 17:00:00,2756.688,2756.693
2021-12-14 17:00:00,2756.69,2756.693
2021-12-15 17:00:00,2756.742,2756.692
2021-12-16 17:00:00,2756.706,2756.692
2021-12-17 17:00:00,2756.714,2756.689
2021-12-18 17:00:00,2756.676,2756.686
2021-12-19 17:00:00,2756.677,2756.683
2021-12-20 17:00:00,2756.677,2756.681
2021-12-21 17:00:00,2756.673,2756.685
2021-12-22 17:00:00,2756.679,2756.688
2021-12-23 17:00:00,2756.696,2756.699
2021-12-24 17:00:00,2756.75,2756.709
2021-12-25 17:00:00,2756.727,2756.719
2021-12-26 17:00:00,2756.736,2756.729
2021-12-27 17:00:00,2756.734,2756.729
2021-12-28 17:00:00,2756.769,2756.729
2021-12-29 17:00:00,2756.754,2756.719
2021-12-30 17:00:00,2756.731,2756.709
2021-12-31 17:00:00,2756.685,2756.701
2022-01-01 17:00:00,2756.685,2756.693
2022-01-02 17:00:00,2756.685,2756.69
2022-01-03 17:00:00,2756.685,2756.686
2022-01-04 17:00:00,2756.685,2756.687
2022-01-05 17:00:00,2756.685,2756.688
2022-01-06 17:00:00,2756.69,2756.685
2022-01-07 17:00:00,2756.697,2756.683
2022-01-08 17:00:00,2756.714,2756.676
2022-01-09 17:00:00,2756.654,2756.67
2022-01-10 17:00:00,2756.628,2756.666
2022-01-11 17:00:00,2756.651,2756.662
2022-01-12 17:00:00,2756.661,2756.667
2022-01-13 17:00:00,2756.664,2756.673
2022-01-14 17:00:00,2756.708,2756.681
2022-01-15 17:00:00,2756.683,2756.69
2022-01-16 17:00:00,2756.692,2756.698
2022-01-17 17:00:00,2756.709,2756.706
2022-01-18 17:00:00,2756.73,2756.71
2022-01-19 17:00:00,2756.729,2756.714
2022-01-20 17:00:00,2756.705,2756.715
2022-01-21 17:00:00,2756.719,2756.717
2022-01-22 17:00:00,2756.708,2756.719
2022-01-23 17:00:00,2756.705,2756.721
2022-01-24 17:00:00,2756.737,2756.724
2022-01-25 17:00:00,2756.755,2756.727
2022-01-26 17:00:00,2756.733,2756.728
2022-01-27 17:00:00,2756.727,2756.728
2022-01-28 17:00:00,2756.684,2756.727
2022-01-29 17:00:00,2756.694,2756.725
2022-01-30 17:00:00,2756.727,2756.725
2022-01-31 17:00:00,2756.738,2756.725
2022-02-01 17:00:00,2756.768,2756.722
2022-02-02 17:00:00,2756.786,2756.718
2022-02-03 17:00:00,2756.752,2756.711
2022-02-04 17:00:00,2756.695,2756.704
2022-02-05 17:00:00,2756.698,2756.702
2022-02-06 17:00:00,2756.717,2756.701
2022-02-07 17:00:00,2756.689,2756.701
2022-02-08 17:00:00,2756.696,2756.702
2022-02-09 17:00:00,2756.707,2756.701
2022-02-10 17:00:00,2756.701,2756.7
2022-02-11 17:00:00,2756.717,2756.699
2022-02-12 17:00:00,2756.692,2756.698
2022-02-13 17:00:00,2756.674,2756.698
2022-02-14 17:00:00,2756.684,2756.699
2022-02-15 17:00:00,2756.728,2756.701
2022-02-16 17:00:00,2756.753,2756.704
2022-02-17 17:00:00,2756.722,2756.71
2022-02-18 17:00:00,2756.676,2756.716
2022-02-19 17:00:00,2756.665,2756.721
2022-02-20 17:00:00,2756.693,2756.726
2022-02-21 17:00:00,2756.736,2756.724
2022-02-22 17:00:00,2756.746,2756.722
2022-02-23 17:00:00,2756.736,2756.711
2022-02-24 17:00:00,2756.727,2756.7
2022-02-25 17:00:00,2756.681,2756.684
2022-02-26 17:00:00,2756.662,2756.668
2022-02-27 17:00:00,2756.631,2756.659
2022-02-28 17:00:00,2756.635,2756.649
2022-03-01 17:00:00,2756.638,2756.649
2022-03-02 17:00:00,2756.641,2756.649
2022-03-03 17:00:00,2756.653,2756.659
2022-03-04 17:00:00,2756.693,2756.669
2022-03-05 17:00:00,2756.724,2756.68
2022-03-06 17:00:00,2756.717,2756.691
2022-03-07 17:00:00,2756.691,2756.694
2022-03-08 17:00:00,2756.69,2756.697
2022-03-09 17:00:00,2756.712,2756.691
2022-03-10 17:00:00,2756.722,2756.686
2022-03-11 17:00:00,2756.675,2756.68
2022-03-12 17:00:00,2756.644,2756.674
2022-03-13 17:00:00,2756.67,2756.671
2022-03-14 17:00:00,2756.671,2756.669
2022-03-15 17:00:00,2756.637,2756.67
2022-03-16 17:00:00,2756.678,2756.671
2022-03-17 17:00:00,2756.693,2756.673
2022-03-18 17:00:00,2756.666,2756.675
2022-03-19 17:00:00,2756.659,2756.674
2022-03-20 17:00:00,2756.685,2756.673
2022-03-21 17:00:00,2756.698,2756.669
2022-03-22 17:00:00,2756.672,2756.664
2022-03-23 17:00:00,2756.65,2756.661
2022-03-24 17:00:00,2756.648,2756.657
2022-03-25 17:00:00,2756.64,2756.659
2022-03-26 17:00:00,2756.648,2756.66
2022-03-27 17:00:00,2756.671,2756.671
2022-03-28 17:00:00,2756.696,2756.682
2022-03-29 17:00:00,2756.749,2756.699
2022-03-30 17:00:00,2756.754,2756.716
2022-03-31 17:00:00,2756.737,2756.726
2022-04-01 17:00:00,2756.744,2756.736
2022-04-02 17:00:00,2756.716,2756.738
2022-04-03 17:00:00,2756.734,2756.74
2022-04-04 17:00:00,2756.751,2756.742
2022-04-05 17:00:00,2756.772,2756.744
2022-04-06 17:00:00,2756.739,2756.753
2022-04-07 17:00:00,2756.704,2756.763
2022-04-08 17:00:00,2756.71,2756.775
2022-04-09 17:00:00,2756.753,2756.786
2022-04-10 17:00:00,2756.801,2756.793
2022-04-11 17:00:00,2756.804,2756.8
2022-04-12 17:00:00,2756.847,2756.801
2022-04-13 17:00:00,2756.816,2756.801
2022-04-14 17:00:00,2756.795,2756.799
2022-04-15 17:00:00,2756.8,2756.797
2022-04-16 17:00:00,2756.788,2756.801
2022-04-17 17:00:00,2756.785,2756.806
2022-04-18 17:00:00,2756.785,2756.9
2022-04-19 17:00:00,2756.881,2756.994
2022-04-20 17:00:00,2757.008,2757.061
2022-04-21 17:00:00,2757.159,2757.129
2022-04-22 17:00:00,2757.379,2757.146
2022-04-23 17:00:00,2757.551,2757.163
2022-04-24 17:00:00,2757.593,2757.374
2022-04-25 17:00:00,2757.604,2757.586
2022-04-26 17:00:00,2757.64,2757.797
2022-04-27 17:00:00,2757.747,2758.007
2022-04-28 17:00:00,2757.859,2758.063
2022-04-29 17:00:00,2758.012,2758.119
2022-04-30 17:00:00,2758.087,2758.149
2022-05-01 17:00:00,2758.2,2758.18
2022-05-02 17:00:00,2758.282,2758.22
2022-05-03 17:00:00,2758.342,2758.261
2022-05-04 17:00:00,2758.388,2758.275
2022-05-05 17:00:00,2758.399,2758.288
2022-05-06 17:00:00,2758.427,2758.356
2022-05-07 17:00:00,2758.465,2758.424
2022-05-08 17:00:00,2758.489,2758.417
2022-05-09 17:00:00,2758.481,2758.41
2022-05-10 17:00:00,2758.426,2758.402
2022-05-11 17:00:00,2758.407,2758.395
2022-05-12 17:00:00,2758.4,2758.387
2022-05-13 17:00:00,2758.375,2758.38
2022-05-14 17:00:00,2758.362,2758.372
2022-05-15 17:00:00,2758.353,2758.364
2022-05-16 17:00:00,2758.361,2758.36
2022-05-17 17:00:00,2758.362,2758.356
2022-05-18 17:00:00,2758.344,2758.35
2022-05-19 17:00:00,2758.358,2758.344
2022-05-20 17:00:00,2758.378,2758.333
2022-05-21 17:00:00,2758.328,2758.322
2022-05-22 17:00:00,2758.302,2758.31
2022-05-23 17:00:00,2758.304,2758.297
2022-05-24 17:00:00,2758.297,2758.285
2022-05-25 17:00:00,2758.267,2758.273
2022-05-26 17:00:00,2758.233,2758.26
2022-05-27 17:00:00,2758.221,2758.248
2022-05-28 17:00:00,2758.235,2758.231
2022-05-29 17:00:00,2758.25,2758.213
2022-05-30 17:00:00,2758.231,2758.196
2022-05-31 17:00:00,2758.189,2758.179
2022-06-01 17:00:00,2758.159,2758.164
2022-06-02 17:00:00,2758.148,2758.149
2022-06-03 17:00:00,2758.138,2758.133
2022-06-04 17:00:00,2758.124,2758.118
2022-06-05 17:00:00,2758.106,2758.1
2022-06-06 17:00:00,2758.087,2758.081
2022-06-07 17:00:00,2758.058,2758.06
2022-06-08 17:00:00,2758.037,2758.04
2022-06-09 17:00:00,2758.019,2758.021
2022-06-10 17:00:00,2757.995,2758.002
2022-06-11 17:00:00,2757.978,2757.984
2022-06-12 17:00:00,2757.965,2757.966
2022-06-13 17:00:00,2757.961,2757.943
2022-06-14 17:00:00,2757.936,2757.921
2022-06-15 17:00:00,2757.894,2757.896
2022-06-16 17:00:00,2757.855,2757.871
2022-06-17 17:00:00,2757.839,2757.85
2022-06-18 17:00:00,2757.826,2757.829
2022-06-19 17:00:00,2757.817,2757.814
2022-06-20 17:00:00,2757.806,2757.799
2022-06-21 17:00:00,2757.775,2757.785
2022-06-22 17:00:00,2757.764,2757.772
2022-06-23 17:00:00,2757.762,2757.757
2022-06-24 17:00:00,2757.757,2757.742
2022-06-25 17:00:00,2757.731,2757.728
2022-06-26 17:00:00,2757.703,2757.713
2022-06-27 17:00:00,2757.693,2757.7
2022-06-28 17:00:00,2757.68,2757.686
2022-06-29 17:00:00,2757.675,2757.678
2022-06-30 17:00:00,2757.668,2757.669
2022-07-01 17:00:00,2757.664,2757.664
2022-07-02 17:00:00,2757.632,2757.658
2022-07-03 17:00:00,2757.658,2757.653
2022-07-04 17:00:00,2757.658,2757.648
2022-07-05 17:00:00,2757.646,2757.641
2022-07-06 17:00:00,2757.638,2757.634
2022-07-07 17:00:00,2757.63,2757.623
2022-07-08 17:00:00,2757.612,2757.612
2022-07-09 17:00:00,2757.592,2757.6
2022-07-10 17:00:00,2757.584,2757.589
2022-07-11 17:00:00,2757.582,2757.577
2022-07-12 17:00:00,2757.57,2757.566
2022-07-13 17:00:00,2757.554,2757.556
2022-07-14 17:00:00,2757.545,2757.546
2022-07-15 17:00:00,2757.528,2757.536
2022-07-16 17:00:00,2757.526,2757.526
2022-07-17 17:00:00,2757.522,2757.517
2022-07-18 17:00:00,2757.508,2757.508
2022-07-19 17:00:00,2757.498,2757.499
2022-07-20 17:00:00,2757.488,2757.49
2022-07-21 17:00:00,2757.479,2757.48
2022-07-22 17:00:00,2757.474,2757.471
2022-07-23 17:00:00,2757.464,2757.462
2022-07-24 17:00:00,2757.449,2757.453
2022-07-25 17:00:00,2757.446,2757.444
2022-07-26 17:00:00,2757.436,2757.435
2022-07-27 17:00:00,2757.426,2757.427
2022-07-28 17:00:00,2757.417,2757.419
2022-07-29 17:00:00,2757.41,2757.412
2022-07-30 17:00:00,2757.404,2757.405
2022-07-31 17:00:00,2757.395,2757.399
2022-08-01 17:00:00,2757.389,2757.394
2022-08-02 17:00:00,2757.391,2757.39
2022-08-03 17:00:00,2757.392,2757.385
2022-08-04 17:00:00,2757.381,2757.38
2022-08-05 17:00:00,2757.376,2757.374
2022-08-06 17:00:00,2757.37,2757.366
2022-08-07 17:00:00,2757.36,2757.358
2022-08-08 17:00:00,2757.348,2757.349
2022-08-09 17:00:00,2757.339,2757.341
2022-08-10 17:00:00,2757.326,2757.334
2022-08-11 17:00:00,2757.323,2757.328
2022-08-12 17:00:00,2757.323,2757.324
2022-08-13 17:00:00,2757.32,2757.321
2022-08-14 17:00:00,2757.318,2757.317
2022-08-15 17:00:00,2757.32,2757.313
2022-08-16 17:00:00,2757.31,2757.309
2022-08-17 17:00:00,2757.3,2757.305
2022-08-18 17:00:00,2757.293,2757.3
2022-08-19 17:00:00,2757.299,2757.296
2022-08-20 17:00:00,2757.295,2757.292
2022-08-21 17:00:00,2757.29,2757.288
2022-08-22 17:00:00,2757.282,2757.283
2022-08-23 17:00:00,2757.28,2757.278
2022-08-24 17:00:00,2757.272,2757.276
2022-08-25 17:00:00,2757.262,2757.273
2022-08-26 17:00:00,2757.265,2757.269
2022-08-27 17:00:00,2757.28,2757.266
2022-08-28 17:00:00,2757.279,2757.262
2022-08-29 17:00:00,2757.253,2757.258
2022-08-30 17:00:00,2757.234,2757.253
2022-08-31 17:00:00,2757.244,2757.248
2022-09-01 17:00:00,2757.253,2757.244
2022-09-02 17:00:00,2757.251,2757.24
2022-09-03 17:00:00,2757.229,2757.236
2022-09-04 17:00:00,2757.224,2757.232
2022-09-05 17:00:00,2757.236,2757.229
2022-09-06 17:00:00,2757.222,2757.226
2022-09-07 17:00:00,2757.209,2757.225
2022-09-08 17:00:00,2757.227,2757.224
2022-09-09 17:00:00,2757.252,2757.221
2022-09-10 17:00:00,2757.233,2757.218
2022-09-11 17:00:00,2757.199,2757.215
2022-09-12 17:00:00,2757.2,2757.211
2022-09-13 17:00:00,2757.214,2757.208
2022-09-14 17:00:00,2757.211,2757.205
2022-09-15 17:00:00,2757.201,2757.202
2022-09-16 17:00:00,2757.196,2757.2
2022-09-17 17:00:00,2757.205,2757.193
2022-09-18 17:00:00,2757.198,2757.186
2022-09-19 17:00:00,2757.167,2757.176
2022-09-20 17:00:00,2757.128,2757.167
2022-09-21 17:00:00,2757.126,2757.157
2022-09-22 17:00:00,2757.154,2757.147
2022-09-23 17:00:00,2757.155,2757.143
2022-09-24 17:00:00,2757.139,2757.139
2022-09-25 17:00:00,2757.132,2757.135
2022-09-26 17:00:00,2757.13,2757.131
2022-09-27 17:00:00,2757.126,2757.13
2022-09-28 17:00:00,2757.114,2757.129
2022-09-29 17:00:00,2757.119,2757.13
2022-09-30 17:00:00,2757.146,2757.131
2022-10-01 17:00:00,2757.147,2757.133
2022-10-02 17:00:00,2757.132,2757.135
2022-10-03 17:00:00,2757.13,2757.133
2022-10-04 17:00:00,2757.14,2757.131
2022-10-05 17:00:00,2757.133,2757.129
2022-10-06 17:00:00,2757.119,2757.127
2022-10-07 17:00:00,2757.12,2757.128
2022-10-08 17:00:00,2757.124,2757.128
2022-10-09 17:00:00,2757.128,2757.129
2022-10-10 17:00:00,2757.133,2757.131
2022-10-11 17:00:00,2757.151,2757.132
2022-10-12 17:00:00,2757.135,2757.133
2022-10-13 17:00:00,2757.122,2757.134